finding_id,issue_title,unit,program,year,cause_detail,issue_detail,recommendation,outcomes_impact
FL-0001,กฎหมายไม่สอดคล้องกับสภาพปัจจุบัน                                                                    ,กรมที่ดิน,การดูดทรายในที่ดินของรัฐ แม่น้ำโขง,2560,โดยส่วนมากยังคงใช้ตามอัตราเดิมที่ค่อนข้างต่ำและไม่เหมาะสม ว่าด้วยการอนุญาตให้ดูดทราย ระเบียบกระทรวงมหาดไทย,การจัดเก็บรายได้จากการอนุญาตดูดทรายไม่สอดคล้องกับปริมาณทรายที่ผู้ประกอบการ และการกำหนดอัตราค่าตอบแทนจากการดูดทรายไม่เหมาะสม ดำเนินการดูดได้,"1.ให้รัฐมนตรีว่าการกระทรวงมหาดไทย ดังนี้
	1.1 พิจารณาทบทวนปรับปรุงระเบียบกระทรวงมหาดไทย ว่าด้วยการอนุญาตให้
ดูดทราย พ.ศ. 2546 ให้สอดคล้องกับสถานการณ์ปัจจุบัน
		1.1.1 กำหนดวิธีการควบคุมปริมาณทรายที่ผู้ประกอบการดำเนินการ
ได้จริงให้เป็นไปตามปริมาณทรายที่ได้ร","ส่งผลให้รัฐสูญเสียทรัพยากรธรรมชาติเกินกว่าที่อนุญาตไว้ และผู้ประกอบการได้
ประโยชน์จากปริมาณส่วนเกินจากที่ได้รับอนุญาต โดยคิดมูลค่าทรายจากปริมาณส่วนเกิน
ที่ผู้ประกอบการจำหน่ายได้เป็นเงินประมาณ 81,196,250.00 บาท และกรวดเป็นเงินประมาณ
47,806,240.00 บาท รวมทั"
FL-0002,กฎหมายไม่สอดคล้องกับสภาพปัจจุบัน                                                                    ,กรุงเทพมหานคร,การตรวจสอบการดำเนินงานการบังคับใช้กฎหมายควบคุมอาคารในเขตกรุงเทพมหานคร,2560,ยังไม่มีมาตรการดำเนินการกับเจ้าของอาคารที่ประกอบการโรงภาพยนต์ที่เพิกเฉย ไม่ดำเนินการแก้ไขให้เป็นไปตามกฎหมาย กทม.,ระบบป้องกันอัคคีภัยในอาคารโรงภาพยนต์ทั้ง โดยมีอุปกรณ์ประกอบอาคารไม่เป็นไปตามที่กฎหมายกำหนด ของโรงภาพยนต์ทั้งหมดในพื้นที่,"พิจารณาดำเนินการ กำหนดมาตรการ และดำเนินการให้เป็นไปตามกฎหมายอย่างเคร่งครัด
กับเจ้าของอาคารที่ประกอบการโรงภาพยนต์ที่เพิกเฉยไม่ดำเนินการแก้ไขให้เป็นไปตาม
กฎหมาย

","ก่อให้เกิดความเสี่ยงที่อาจเกิดความไม่ปลอดภัยในชีวิตแล้ทรัพย์สิยของประชาชน
ที่ใช้บริการ 

"
FL-0047,การดำเนินงานไม่บรรลุวัตถุประสงค์เป้าหมายของโครงการ                                                  ,สำนักงานพลังงานจังหวัดกาญจนบุรี,โครงการนำร่องการนำเทคโนโลยีพลังงานทดแทนมาใช้ในระบบสูบน้ำเพื่อผลิตน้ำประปาหมู่บ้านและผลิตไฟฟาสำหรับชุมชน,2560,การดำเนินงานโครงการนำร่องการนำเทคโนโลยีพลังงานทดแทนมาใช้ในระบบสูบน้ำเพื่อผลิตน้ำประปาหมู่บ้านและผลิตไฟฟ้าสำหรับชุมชน ไม่สามารถใช้ประโยชน์ให้บรรลุวัตถุประสงค์โครงการได้ สำนักงานพลังงานจังหวัดกาญจนบุรี,โครงการนำร่องการนำเทคโนโลยีพลังงานทดแทนมาใช้ในระบบสูบน้ำเพื่อผลิตน้ำประปาหมู่บ้านและผลิตไฟฟ้าสำหรับชุมชน ไม่สามารถใช้ประโยชน์ให้บรรลุวัตถุประสงค์โครงการได้ สำนักงานพลังงานจังหวัดกาญจนบุรี,"เพื่อให้การดำเนินงานโครงการนำร่องการนำเทคโนโลยีพลังงานทดแทนมาใช้ในระบบสูบน้ำเพื่อผลิตน้ำประปาหมู่บ้านและผลิตไฟฟ้าสำหรับชุมชน 
มีประสิทธิภาพและเกิดประสิทธิผล สำนักงานการตรวจเงินแผ่นดินมีข้อเสนอแนะให้ 
สำนักงานพลังงานจังหวัดกาญจนบุรี ดำเนินการดังนี้
	๑. กรณ","การดำเนินงานโครงการนำร่องการนำเทคโนโลยีพลังงานทดแทนมาใช้ในระบบสูบน้ำเพื่อผลิตน้ำประปาหมู่บ้านและผลิตไฟฟ้าสำหรับชุมชน 
ไม่สามารถใช้ประโยชน์ให้บรรลุวัตถุประสงค์โครงการได้ ส่งผลกระทบดังนี้
 ๑. รัฐสูญเสียงบประมาณในการบริหารประเทศ เป็นจำนวนเงิน ๖,๓๕๐,๐๐๐.๐๐ บา"
FL-0061,การดำเนินงานไม่บรรลุวัตถุประสงค์เป้าหมายของโครงการ                                                  ,สำนักงานจังหวัดสตูล,โครงการพัฒนาเมืองสตูล,2560,1.การส่งมอบและการรับมอบทรัพย์สินสิ่งปลูกสร้างของโครงการฯล่าช้า 2.ขาดการบูรณาการในการสร้างกิจกรรมการท่องเที่ยวที่เป็นรูปธรรม 3.โครงการพัฒนาเมืองสตูลอยู่ในสภาพที่มีความชำรุดบกพร่องอย่างชัดเจน,การดำเนินโครงการยังไม่บรรลุวัตถุประสงค์อย่างมีนัยสำคัญในด้านการส่งเสริมการท่องเที่ยว,"ให้ ผวจ.สตูล พิจารณาดำเนินการ ดังนี้
1.จัดให้มีการจัดทำแผนการส่งเสริมการท่องเที่ยวในพื้นที่โครงการพัฒนาเมืองสตูลที่มีความชัดเจนโดยเร็ว
2.กำกับดูแลให้มีการซ่อมแซมสิ่งก่อสร้างของโครงการพัฒนาเมืองสตูล 
ซึ่งผู้รับจ้างยังมีพันธะในการประกันความชำรุดบกพร่อง 
ให้","การที่โครงการยังไม่สามารถบรรลุวัตถุประสงค์อย่างมีนัยสำคัญในด้านการส่งเสริมการท่องเที่ยวที่กำหนดไว้ได้ 
ส่งผลให้เกิดความเสี่ยงในการใช้จ่ายเงินงบประมาณแผ่นดินที่จะเป็นไปโดยไม่คุ้มค่า
"
FL-0062,การดำเนินงานไม่บรรลุวัตถุประสงค์เป้าหมายของโครงการ                                                  ,สำนักงานท้องถิ่นจังหวัดสุราษฎร์ธานี,เงินอุดหนุนสนับสนุนการแก้ไขปัญหาการขาดแคลนน้ำอุปโภคบริโภคให้แก่ประชาชน ปีงบประมาณ 2558,2560,อปท.ได้รับจัดสรรงบประมาณพร้อมกันในขณะที่มีผู้รับจ้างก่อสรา้งจำนวนน้อยรายแต่รับงานหลายสัญญา การจัดจ้างล่าช้าโดยมีการประกาศจัดจ้างหลายครั้งเนื่องจากไม่มีผู้มาซื้อเอกสารหรือไม่มีผู้สนใจยื่นเอกสารทำให้ต้องประกาศหลายครั้ง,การดำเนินการก่อสรา้งระบบประปาหมู่บ้านล่าช้าไม่เป็นไปตามแผน,,
FL-0063,การดำเนินงานไม่บรรลุวัตถุประสงค์เป้าหมายของโครงการ                                                  ,สำนักงานจังหวัดสุราษฎร์ธานี,โครงการเพิ่มมูลค่าผลิตภัณฑ์ยางพารา ปีงบประมาณ 2558,2560,,โรงงานผลิตยางคอมปาวด์เพื่อป้อนสู่โรงงานผลิตสายพานลำเลียงไม่ได้เปิดดำเนินกิจการ,,
FL-0065,การดำเนินงานไม่บรรลุวัตถุประสงค์เป้าหมายของโครงการ                                                  ,สำนักงานธนารักษ์พื้นที่กำแพงเพชร,การบริหารจัดการที่ราชพัสดุของสำนักงานธนารักษ์พื้นที่,2560,ธนารักษ์พื้นที่และเจ้าหน้าที่ไม่มีการประชาสัมพันธ์หรือแจ้งข้อมูลข่าวสารให้หน่วยงานขอใช้ทราบถึงกฎ ส่วนราชการ/อปท. และแนวทางปฏิบัติเกี่ยวกับการใช้ประ,2. การบริหารจัดการที่ราชพัสดุโดยการจัดให้เช่าของสำนักงานธนารักษ์พื้นที่บางส่วนไม่เป็นไปตาม ระเบียบ หลักเกณฑ์และหนังสือสั่งการที่กำหนด,"ธนารักษ์พื้นที่กำแพงเพชร/ธนารักษ์พื้นที่พิจิตร
1. ตรวจสอบและจัดเก็บค่าธรรมเนียมการจัดประโยชน์กรณีที่ส่วนราชการ/อปท. 
ผู้ขอใช้นำที่ราชพัสดุไปจัดประโยชน์ตามประเด็นข้อตรวจพบที่ 1 
ให้ถูกต้องครบถ้วนในเบื้องต้นที่ตรวจพบของ สธพ.กำแพงเพชร จำนวนเงิน 
3,198,287.00","ธนารักษ์พื้นที่ไม่สามารถบริหารจัดการที่ราชพัสดุด้านการปกครอง การดูแล 
การบำรุงรักษา จากกรณีตามข้อตรวจพบ 
เรื่องการจัดประโยชน์บนพื้นที่ครอบครองของส่วนราชการ/อปท. 
การจัดเก็บรายได้ไม่เป็นไปตามระเบียบ หลักเกณฑ์ 
และหนังสือสั่งการที่กรมธนารักษ์กำหนด  การบริหา"
FL-0066,การดำเนินงานไม่บรรลุวัตถุประสงค์เป้าหมายของโครงการ                                                  ,สำนักงานจังหวัดแพร่,โครงการตามมาตรการส่งเสริมความเป็นอยู่ระดับตำบล (ตำบลละ 5 ล้านบาท) จ.แพร่,2560,2.เจ้าหน้าที่ที่เกี่ยวข้องทุกระดับชั้นปฏิบัติหน้าที่ไม่เป็นไปตามระเบียบและหนังส 1.คณะกรรมการบูรณาการกลั่นกรองระดับอำเภอและจังหวัด ดูแลการดำเนินการว่าเป็นไปตามหลักเกณฑ์แต่ละขั้นตอน,การพิจารณาและดำเนินการไม่เป็นไปตามแนวทางและหนังสือสั่งการที่กำหนด ดำเนินโครงการซ้ำซ้อนกับแผนงาน/โครงการ/กิจกรรมของส่วนราชการ/หน่ 1.การดำเนินโครงการไม่เป็นไปตามหลักเกณฑ์และแนวทางที่กำหนด,"ข้อตรวจพบที่1. 
1.สั่งการให้นายอำเภอทุกอำเภอ รายงานรายการครุภัณฑ์/สิ่งก่อสร้างให้สำนักงานจังหวัดทราบ
2.ตรวจสอบการใช้จ่ายเงินงบประมาณของ 
อปท.ในพื้นที่ว่ามีการดำเนินการและเบิกจ่ายซ้ำกับโครงการตำบลละ 5 ล้านหรือไม่
3.ติดตามใบเสร็จรับเงินจากเจ้าหนี้ เพื่อประก","1.ที่เป็นตัวเงิน 
  ทำใหราชการเสียหาย 249,224.370บาท
2.ที่ไม่เป็นตัวเงิน
  ไม่เกิดการจ้างงานในพื้นที่ ไม่ได้ช่วยเหลือประชาชนผู้มีรายได้น้อย 
ปัญหาหรือความต้องการความช่วยเหลือของประชาชนไม่ได้รับการแก้ไขอย่างแท้จริง 

"
FL-0068,การดำเนินงานไม่บรรลุวัตถุประสงค์เป้าหมายของโครงการ                                                  ,องค์การบริหารส่วนจังหวัดอุดรธานี,"โครงการ""ช่วยภัยหนาว เพื่อชาวอุดร"" ประจำปีงบประมาณ พ.ศ.2557",2560,องค์การบริหารส่วนจังหวัดอุดรธานีไม่มีข้อมูลรายละเอียดผู้ประสบภัยหนาวเพื่อนำมาจัดทำบัญชีรายชื่อประชาชนที่ได้รับความเดือดร้อนที่แท้จริงที่จะแจกผ้าห่มกันหนาวแยกเป็นรายอำเภอ และไม่ได้ให้ประชาชนลงลายมือชื่อในขณะที่ได้รับแจกผ้าห่มกันหนาวเพื่อ ตำบล,จัดซื้อผ้าห่มกันหนาวจำนวน และประชาชนที่ขาดแคลนผ้าห่มกันหนาว การดำเนินงานไม่บรรลุวัตถุประสงค์ของโครงการ,"1.ในโอกาสต่อไปหากมีการจัดทำโครงการเพื่อให้ความช่วยเหลือประชาชนที่เดือดร้อนในลักษณะเช่นนี้อีก 
ต้องมีการบูรณาการกับส่วนราชการ/หน่วยงานที่เกี่ยวข้องอย่างเป็นรูปธรรม 
ให้กำชับเจ้าหน้าที่ผู้รับผิดชอบจัดทำสรุปจำนวนประชาชนที่ได้รับความเดือดร้อนอย่างแท้จริงที่จะ","ทำให้การใช้จ่ายเงินงบประมาณไม่ประหยัด ไม่คุ้มค่า 
และไม่เกิดประโยชน์สูงสุดต่อประชาชน 
สูญเสียโอกาสในการนำเงินงบประมาณไปช่วยเหลือประชาชนที่ประสบภัยหนาวอย่างแท้จริง
"
FL-0069,การดำเนินงานไม่บรรลุวัตถุประสงค์เป้าหมายของโครงการ                                                  ,สำนักงานเกษตรจังหวัดอุดรธานี,โครงการสร้างรายได้และพัฒนาการเกษตรแก่ชุมชนเพื่อบรรเทาปัญหาภัยแล้ง,2560,สาเหตุเนื่องจากไม่มีการพัฒนาขุดลอกแหล่งน้ำเพื่อให้สามารถกักเก็บน้ำได้ ติดตั้งกังหันลมในการสูบน้ำโดยไม่ได้สำรวจสภาพพื้นที่และอัตรากำลังลม ติดตั้งมิเตอร์ไฟฟ้าไม่เหมาะสมกับการใช้งาน,การดำเนินการบางโครงการไม่เป็นไปตามหลักเกณฑ์ค่าจ้างแรงงาน และค่าวัสดุอุปกรณ และการจัดทำโครงการไม่เป็นไปตามคู่มือการดำเนินงานโครงการ,"เพื่อให้การดำเนินโครงการสร้างรายได้และพัฒนาการเกษตรแก่ชุมชนเพื่อบรรเทาปัญหาภัยแล้งบรรลุตามวัตถุประสงค์ของโครงการ 
สำนักงานการตรวจเงินแผ่นดินมีข้อเสนอแนะให้
ผู้ว่าราชการจังหวัดอุดรธานีในฐานะประธานคณะกรรมการบริหารโครงการสร้างรายได้และพัฒนา
การเกษตรแก่ชุมชนเ","การที่มีการจ้างแรงงานการจัดซื้อวัสดุอุปกรณ์/ครุภัณฑ์และการจัดทำโครงการไม่เป็น
ไปตามคู่มือการดำเนินงานโครงการสร้างรายได้และพัฒนาการเกษตรแก่ชุมชนเพื่อบรรเทา
ปัญหาภัยแล้งและเมื่อดำเนินโครงการแล้วเสร็จบางโครงการไม่มีการใช้ประโยชน์และ
บางโครงการมีการใช้ประโยชน"
FL-0070,การดำเนินงานไม่บรรลุวัตถุประสงค์เป้าหมายของโครงการ                                                  ,สำนักงานจังหวัดมุกดาหาร,การบริหารจัดการกองทุนพัฒนาบทบาทสตรีจังหวัดมุกดาหาร,2560,,กลุ่มสตรีส่วนใหญ่ไม่นำเงินกองทุนไปดำเนินการตามโครงการที่ขอรับการสนับสนุน สมาชิกกองทุนต้องนำเงินกองทุนไปดำเนินการตามแผนงานโครงการที่เสนอ การบริหารจัดการกองทุนยังไม่บรรลุวัตถุประสงค์,"ข้อเสนอแนะ
	สำนักงานการตรวจเงินแผ่นดิน 
มีข้อเสนอแนะให้ประธานอนุกรรมการบริหารกองทุนพัฒนาบทบาทสตรีระดับจังหวัด 
ดำเนินการดังนี้
	1.  ในโอกาสต่อไปการพิจารณาอนุมัติเงินทุนหมุนเวียน 
สั่งการให้คณะอนุกรรมการบริหารกองทุนพัฒนาบทบาทสตรีระดับจังหวัด 
คณะอนุกรรมการ",
FL-0071,การดำเนินงานไม่บรรลุวัตถุประสงค์เป้าหมายของโครงการ                                                  ,สถานีพัฒนาที่ดินจังหวัดบุรีรัมย์,โครงการแหล่งน้ำในไร่นานอกเขตชลประทาน,2560,,1.การดำเนินงานยังไม่บรรลวัตถุประสงค์ และเป้าหมายที่กำหนด 2.การคัดเลือกเกษตรกรไม่ตรงตามกลุ่มเป้าหมาย 3.การดำเนินการล่าช้าไม่ทันฤดูฝน,,
FL-0075,การดำเนินงานไม่บรรลุวัตถุประสงค์เป้าหมายของโครงการ                                                  ,เทศบาลเมืองปราจีนบุรี อำเภอเมือง ปราจีนบุรี,โครงการระบบจัดการขยะมูลฝอยแบบผสมผสานของเทศบาลเมืองปราจีนบุรี,2560,1.ข้อจำกัดทางด้านงบประมาณที่จะนำมาดำเนินการให้รูปแบบการจัดการขยะมูลฝอยของระบบจัดการมูลฝอยแบบผสมผสานเทคโนโลยีเป็นไปอย่างเหมาะสม เกิดจากสาเหตุสำคัญ ดังนี้,เนื่องจากไม่มีระบบการคัดแยกขยะมูลฝอยและรูปแบบการรองรับปัญหากลิ่นเหม็นรบกวนจากการฝังกลบขยะมูลฝอย 1.ระบบจัดการมูลฝอยแบบผสมผสานเทคโนโลยีไม่มีระบบการคัดแยกขยะมูลฝอย รูปแบบการจัดการขยะมูลฝอยของระบบจัดการมูลฝอยแบบผสมผสานเทคโนโลยีไม่เหมาะสม,"ให้นายกเทศมนตรีเมืองปราจีนบุรีพิจารณาจัดประชุมหารือร่วมกบคณะกรรมการจัดทำและติดตามประเมินผลแผนปฏิบัติการเพื่อการจัดการคุณภาพสิ่งแวดล้อมในระดับจังหวัด 
หรือคณะกรรมการบริหารจัดการขยะมูลฝอยของจังหวัด 
เพื่อกำหนดรูปแบบระบบการคัดแยกขยะมูลฝอย 
รูปแบบการรองรับปัญ","1.ทำให้เกิดปัญหาการปนเปื้อนต่อสิ่งแวดล้อมและส่งกลิ่นเหม็นรบกวน 
สร้างความเดือดร้อนรำคาญ และเกิดผลกระทบต่อสุขภาพอนามัยของประชาชนในพื้นที่ 
เนื่องจากไม่ได้มีการคัดแยกขยะที่ระบบจัดการมูลฝอยแบบผสมผสานเทคโนโลยีไม่สามารถกำจัดได้ออกไป 
และไม่มีรูปแบบการรองรับปัญ"
FL-0078,การดำเนินงานไม่บรรลุวัตถุประสงค์เป้าหมายของโครงการ                                                  ,กรมศิลปากร,การพัฒนาและส่งเสริมงานพิพิธภัณฑสถานแห่งชาติเพื่อการอนุรักษ์ศิลปวัฒนธรรมและเพิ่มศักยภาพการท่องเที่ยว,2560,เกิดจากความไม่ชัดเจนของระเบียบกระทรวงศึกษาธิการว่าด้วยการเก็บรักษาและการจ่ายเงินกองทุนโบราณคดี 1.ข้อกำหนดการจ่ายเงินกองทุนโบราณคดี สาเหตุสำคัญที่ทำให้การใช้จ่ายเงินไม่เป็นไปตามวัตถุประสงค์ของกองทุนโบราณคดี,2.การใช้จ่ายเงินไม่เป็นไปตามวัตถุประสงค์ของกองทุนโบราณคดี จากการตรวจสอบการใช้จ่ายเงินกองทุนโบราณคดี การใช้จ่ายเงินไม่เป็นไปตามวัตถุประ,"เพื่อให้การใช้จ่ายเงินกองทุนโบราณคดีเป็นไปตามวัตถุประสงค์และมีประสิทธิภาพ 
สำนักงานการตรวจเงินแผ่นดินจึงมีข้อเสนอแนะให้อธิบดีกรมศิลปากรพิจารณาดำเนินการ 
ดังนี้
1.ให้ทบทวนระเบียบกระทรวงศึกษาธิการว่าด้วยการเก็บรักษาและการจ่ายเงินกองทุน
โบราณคดี พ.ศ. 2534 ข้","การใช้จ่ายเงินไม่เป็นไปตามวัตถุประสงค์ของกองทุนโบราณคดี 
ทำให้งาน/โครงการ/กิจกรรม ที่เกี่ยวกับกิจการด้านโบราณสถานหรือการพิพิธภัณฑ
เสียโอกาสในการได้รับจัดสรรเงินเพื่อนำไปใช้จ่ายในกิจการอันเป็นประโยชน์แก่
โบราณสถานหรือการพิพิธภัณฑ์ตามวัตถุประสงค์ของกองทุนโบ"
FL-0108,การดำเนินงานไม่บรรลุวัตถุประสงค์เป้าหมายของโครงการ                                                  ,กรมที่ดิน,การบริหารจัดการระบบเทคโนโลยีสารสนเทศและการสื่อสาร,2560,2.การดำเนินโครงการศูนย์ข้อมูลที่ดินและแผนที่แห่งชาติ นำระบบงานข้อมูลที่ดินและแผนที่ที่อยู่ใ 1.การดำเนินโครงการพัฒนาระบบสารสนเทศที่ดิน,การดำเนินการพัฒนาระบบเทคโนโลยีสารสนเทศและการสื่อสารไม่เป็นไปตามวัตถุประสงค์ และเป้าหมายที่กำหนด,"1.เร่งรัดและกำชับ ควบคุมหน่วยงานที่เกี่ยวข้องดำเนินการให้เป็นไปตามแผนงานโดยเร็ว 
2.มอบหมายให้สำนักเทคโนโลยีสารสนเทศ เป็นหน่วยงานเจ้าภาพหลัก 
ทำหน้าที่เป็นหน่วยงานในการประสานงานกับหน่วยงานอื่น ในการกำหนดนโยบาย 
วัตถุประสงค์ และเป้าหมาย รวมทั้งวางแผนการ
3.จ","1.การดำเนินโครงการพัฒนาระบบสารสนเทศที่ดิน (ระยะที่ 1) และโครงการศูนย์ข้อมูล
ที่ดินและแผนที่แห่งชาติ (ระยะที่ 1) ไม่เป็นไปตามแผนงานที่กำหนด 
2.การดำเนินโครงการศูนย์ข้อมูลที่ดินและแผนที่แห่งชาติ ของกรมที่ดิน ยังไม่สามารถ
นำระบบงานข้อมูลที่ดินและแผนที่ที่อยู"
FL-0109,การดำเนินงานไม่บรรลุวัตถุประสงค์เป้าหมายของโครงการ                                                  ,กรมโรงงานอุตสาหกรรม,โครงการอุตสาหกรรมสีเขียว,2560,สู่อุตสาหกรรมสีเขียวไม่บรรลุผลสำเร็จตามวัตถุประสงค์ สู่อุตสาหกรรมสีเขียวไม่จูงใจให้สถานประกอบการเข้าร่วมโครงการ สาเหตุที่ทำให้การดำเนินงานโครงการส่งเสริมและพัฒนาสถานประกอบการ,โครงการบริหารจัดการลุ่มน้ำและวางระบบธรรมาภิบาลสิ่งแวดล้อม การดำเนินงานโครงการส่งเสริมและพัฒนาสถานประกอบการสู่อุตสาหกรรมสีเขียว ไม่บรรลุผลสำเร็จตามวัตถุประสงค์,"    สำนักงานการตรวจเงินแผ่นดินมีข้อเสนอแนะให้ปลัดกระทรวงอุตสาหกรรม 
พิจารณาดำเนินการ ดังนี้
    1.สั่งการให้คณะอนุกรรมการส่งเสริมอุตสาหกรรมสีเขียวทบทวนสิทธิ
ประโยชน์สำหรับสถานประกอบการที่ได้รับการรับรองในแต่ละระดับ 
โดยเฉพาะระดับที่ 5 ซึ่งเป็นระดับการรับร","   การไม่รักษาความต่อเนื่องในการดำเนินกิจการที่เป็นมิตรต่อสิ่งแวดล้อม 
และการปฏิบัติตามเกณฑ์อุตสาหกรรมสีเขียวของสถานประกอบการที่ผ่าน
เกณฑ์อุตสาหกรรมสีเขียว จึงทำให้ไม่สามารถรักษามาตรฐานเดิมด้านการ
เป็นมิตรกับสิ่งแวดล้อม เมื่อหมดอายุการรับรองจึงต้องออกจากโ"
FL-0112,การดำเนินงานไม่บรรลุวัตถุประสงค์เป้าหมายของโครงการ                                                  ,สำนักงานหลักประกันสุขภาพแห่งชาติ,โครงการเจ็บป่วยฉุกเฉินถึงแก่ชีวิต ไม่ถามสิทธิ ใกล้ที่ไหนไปที่นั่น,2560,ที่ยังไม่เป็นไปในแนวทางเดียวกันหรือไม่เป็นไป ไม่ถามสิทธิ การดำเนินการตามนโยบาย,"การดำเนินการตามนโยบายเจ็บป่วยฉุกเฉินยังไม่เป็นไปตามเป้าประสงค์ 1.การดำเนินการตามนโยบาย ""เจ็บป่วยฉุกเฉินถึงแก่ชีวิต","สถาบันการแพทย์ฉุกเฉินแห่งชาติ
1.กำหนดหลักเกณฑ์ แนวทางการปฏิบัติในทุกขั้นตอนของการปฏิบัติงานให้ชัดเจน 
โดยเฉพาะการบันทึกข้อมูลผู้ป่วยฉุกเฉินในระบบ Preauthorization 
และการเบิกจ่ายค่าชดเชยรักษาพยาบาลที่เกิดขึ้นภายในระยะเวลา 72 ชั่วโมง 
และภายหลัง 72 ชั่วโมง","ผลกระทบต่อผู้ป่วย
1.การที่สถานพยาบาลเอกชนมีการบันทึกข้อมูลเพื่อคัดแยกระดับความฉุกเฉินและ
การเก็บเงินค่ารักษาพยาบาลภายหลังการพ้นภาวะวิกฤตยังไม่เป็นไปในแนวทางเดียวกัน 
ทำให้ผู้ป่วยบางรายไม่สามารถเข้าถึงสิทธิตามนโยบายได้ และต้องรับภาระค่ารักษาพยาบาล
2.ผู้ป่ว"
FL-0126,การดำเนินงานไม่บรรลุวัตถุประสงค์เป้าหมายของโครงการ                                                  ,กรมประมง,การบริหารจัดการบึงบอระเพ็ด จังหวัดนครสวรรค์,2560,ขาดการศึกษาความเป็นไปได้ ความเหมาะสม และผลกระทบสิ่งแวดล้อมในการดำเนินโครงการ และขาดการบริหารจัดการ ดูแลบำรุงรักษา และการวางแผนการใช้ประโยชน์ให้เป็นไปตาม วัตถุประสงค์,อาคารหรือสิ่งปลูกสร้างของหน่วยงานต่าง ๆ ที่ดำเนินการในพื้นที่บึงบอระเพ็ด ไม่มีการใช้ประโยชน์ตามวัตถุประสงค์,"ให้อธิบดีกรมประมง อธิบดีกรมอุทยานแห่งชาติ สัตว์ป่าและพันธุ์พืช และผู้ว่าราชการ
จังหวัดนครสวรรค์ พิจารณาดำเนินการดังนี้ 
	1.สั่งการให้หน่วยงานที่เกี่ยวข้องสำรวจอาคารหรือสิ่งปลูกสร้างของแต่ละ
หน่วยงานในพื้นที่บึงบอระเพ็ด โดยระบุประเภทและจำนวนอาคารหรือสิ่งปล","การใช้จ่ายงบประมาณแผ่นดินในการก่อสร้างอาคารหรือสิ่งปลูกสร้างเกิดความไม่คุ้มค่า  
นอกจากนี้ยังทำให้รัฐเสียโอกาสนำงบประมาณดังกล่าวไปใช้สำหรับงาน กิจกรรมหรือ
โครงการอื่นที่มีความจำเป็นเร่งด่วนมากกว่า และทำให้รัฐต้องใช้จ่ายงบประมาณเพื่อ
บำรุงรักษา ซ่อมแซมเป็น"
FL-0481,การดำเนินงานล่าช้ากว่าแผน                                                                           ,สำนักงานทางหลวงชนบทจังหวัดสตูล,โครงการพัฒนาเส้นทางเข้าสู่แหล่งท่องเที่ยวเชิงนิเวศ,2560,เกิดจากระยะเวลาที่ใช้ในการก่อสร้างโครงการพัฒนาเส้นทางเข้าสู่แหล่งท่องเที่ยวเชิงนิเวศของทั้งสองกิจกรรมความล่าช้าในการก่อสร้างเกิดจากผู้รับจ้างหยุดงานหรือมิได้ปฏิบัติงานเป็นสาเหตุหลัก,การก่อสร้างโครงการแล้วเสร็จล่าช้ามาก คิดเป็นสัดส่วนร้อยละ 133.33 ของระยะเวลาก่อสร้างตามสัญญา,"ข้อเสนอแนะต่อผวจ.สตูล
ควรกำชับให้น่วยงานรับผิดชอบ 
กำหนดให้มีระบบการควบคุมภายในขึ้นเพื่อลดความเสี่ยงจากการปฏิบัติงานก่อสร้างล่าช้าไม่เป็นไปตามแผนที่กำหนดไว้ในสัญญาจ้าง 
เช่น ก.บ.จ.สตูล อาจวางแนวปฏิบัติ หรือ กำกับ ให้คำแนะนำ 
ติดตามผลตามแนวทางในพระราชกฤษฎี","1.ทำให้ประชาชนในพื้นที่สูญเสียโอกาสที่จะได้ใช้ประโยชน์จากโครงการตามที่วัตถุประสงค์กำหนดไว้
2.โครงการปรับปรุงหรือก่อสร้างถนน 
โดยสภาพมีลักษณะที่กระทบกับวิถีชีวิตของประชาชนโดยตรง กล่าวคือ 
ในระหว่างการก่อสร้างต้องมีการรื้อผิวจราจรบางส่วน 
ตัดดินและขุดดินบริ"
FL-0482,การดำเนินงานล่าช้ากว่าแผน                                                                           ,สำนักงานทางหลวงชนบทจังหวัดสตูล,โครงการพัฒนาเส้นทางชายฝั่งทะเลจังหวัดสตูล,2560,1.กิจกรรมปรับปรุงถนนลาดยางแอสฟัลติกคอนกรีต เกิดจากการรอย้ายเสาไฟฟ้าแรงสูงของการไฟฟ้าส่วนภูมิภาคที่กีดขวางการติดตั้งป้ายจราจร ทล.4051-บ้านหาดทรายยาว,การก่อสร้างโครงการแล้วเสร็จล่าช้ามาก,"เสนอแนะผวจ.สตูล ดังนี้
1.ในขั้นตอนการเสนอโครงการฯ 
ควรกำชับให้หน่วยงานที่รับผิดชอบต้องตรวจสอบพื้นที่ดำเนินโครงการให้ชัดเจนว่ามีสิ่งกีดขวาง 
เช่น เสาไฟฟ้าแรงสูง เป็นต้น 
อยู่ในเขตพื้นที่อันจะเป็นอุปสรรคต่อการก่อสร้างหรือไม่ 
และจัดทำหนังสือรับรองแสดงการตรว","1.ทำให้ประชาชนในพื้นที่สูญเสียโอกาสที่จะได้ใช้ประโยชน์จากโครงการตามที่วัตถุประสงค์กำหนดไว้ 
อันได้แก่ 
เพื่อให้นักท่องเที่ยวเดินทางได้สะดวกปลอดภัยและประหยัดเวลาในการเดินทาง 
เป็นระยะเวลาทั้งสิ้น 151 วัน หรือคิดเป็นสัดส่วนร้อยละ 125.83 
ของระยะเวลาก่อสร้าง"
FL-0484,การดำเนินงานล่าช้ากว่าแผน                                                                           ,สำนักงานจังหวัดสตูล,โครงการพัฒนาเมืองสตูล,2560,1.การเสนอและการอนุมัติโครงการเป็นไปโดยขาดความพร้อมด้านพื้นที่ก่อสร้าง 2.ขาดการติดตามอย่างต่อเนื่องในการขออนุญาตก่อสร้างสิ่งล่วงล้ำลำน้ำ,การก่อสร้างโครงการแล้วเสร็จล่าช้ามาก,"1.กำชับให้หน่วยงานที่รับผิดชอบต้องตรวจสอบพื้นที่ดำเนินโครงการให้ชัดเจนว่าอยู่ในเขตที่มีกฎหมายควบคุมเฉพาะหรือไม่
2.กำชับให้ที่ประชุมให้ความสำคัญต่อการตรวจสอบพื้นที่ดำเนินโครงการว่าอยู่ในเขตที่มีกฎหมายควบคุมเฉพาะหรือไม่ 
ต้องมีการขออนุญาตใช้พื้นที่หรือไม่ แ","ทำให้ประชาชนในพื้นที่สูญเสียโอกาสที่จะได้ใช้ประโยชน์จากโครงการตามที่วัตถุประสงค์กำหนดไว้
"
FL-0485,การดำเนินงานล่าช้ากว่าแผน                                                                           ,สำนักงานจังหวัดพัทลุง,โครงการพัฒนาอุตสาหกรรมการท่องเที่ยวเชิงอนุรักษ์เข้มแข็งเพื่อเข้าสู่ประชาคมอาเซียนปีงบประมาณพ.ศ.2557-2558จังหวัดพัทลุง,2560,จากการบริหารจัดการการจัดซื้อจัดจ้างตามระเบียบนายกรัฐมนตรีว่าด้วยการพัสดุฯใช้ระ ยะเวลานาน 6-11 เดือน ทำให้การก่อหนี้ผูกพันหรือลงนามสัญญาในไตรมาส 3-4 ของปลายปีงบประมาณ,รัดการใช้จ่ายเงินงบประมาณของภาครัฐที่เป็นนโยบายสำคัญที่จะกระตุ้น การดำเนินโครงการล่าช้าไม่เป็นไปตามแผนปฏิบัติราชการประจำปีงบประมาณและมาตรการเร่ง ผลการดำเนินงานล่าช้ากว่าแผนปฏิบัติราชการประจำปี,"ในโอกาสต่อไป ขอให้ผู้ว่าราชการจังหวัดพัทลุง สั่งการเร่งรัด 
ติดตามผลการดำเนินงาน เพื่อให้แล้วเสร็จตามแผนปฏิบัติราชการประจำปีที่กำหนด 
และสั่งการให้หัวหน้าหน่วยงานรายงานผลการดำเนินงานให้จังหวัดได้ทราบถึงความก้าวหน้าของการดำเนินงาน 
บรรลุเป้าหมาย หรือไม่

","การใช้จ่ายเงินในภาพรวมของหน่วยงานที่ประเทศต้องการกระตุ้นการใช้จ่ายเงินภาครัฐ 
การจ้างงาน การหมุนเวียนในระบบเศรษฐกิจของประเทศ

"
FL-0486,การดำเนินงานล่าช้ากว่าแผน                                                                           ,กรมที่ดิน,การดูดทรายในที่ดินของรัฐ แม่น้ำโขง,2560,พิจารณาอนุญาตดูดทราย ยื่นเรื่องให้พิจารณา อพด.,กระบวนการพิจารณาอนุญาตดูดทรายในที่ดินของรัฐมีความล่าช้า,"1.ให้รัฐมนตรีว่าการกระทรวงมหาดไทย ดังนี้
	1.1 พิจารณาทบทวนปรับปรุงระเบียบกระทรวงมหาดไทย ว่าด้วยการอนุญาตให้
ดูดทราย พ.ศ. 2546 ให้สอดคล้องกับสถานการณ์ปัจจุบัน โดยกำหนดระยะเวลาแล้วเสร็จ
ของกระบวนการพิจารณาอนุญาตดูดทรายให้ชัดเจน เพื่อให้ทันกับรอบระยะเวลาการข","ส่งผลต่อการจัดเก็บค่าตอบแทนของรัฐ
"
FL-0531,ขาดการติดตามประเมินผล                                                                               ,กรมโยธาธิการและผังเมือง,การตรวจสอบการดำเนินงานการจัดการภัยพิบัติ,2560,ผังเมืองเพื่อป้องกันและบรรเทาปัญหาอุทกภัย การบังคับใช้กฎหมายยังไม่เคร่งครัดในหลายพื้นที่ รัฐบาลและหน่วยงานที่เกี่ยวข้องยังไม่ให้ความสำคัญกับการวางและจัดทำ,องค์กรปกครองส่วนท้องถิ่นขาดการติดตามตรวจสอบการก่อสร้างและการใช้ ประโยชน์ที่ดินให้เป็นไปตามกฎหมาย,"1. กรมโยธาธิการและผังเมือง กรุงเทพมหานคร เมืองพัทยา 
และองค์กรปกครองส่วนท้องถิ่น 
ต้องดำเนินการวางและจัดทำผังเมืองรวมที่แสดงขอบเขตพื้นที่เสี่ยงภัย 
และกำหนดการใช้ประโยชน์ที่ดินให้สอดคล้องและเหมาะสมกับสภาพพื้นที่เสี่ยงภัย 
เพื่อให้ประชาชนได้รับทราบข้อมูลขอ","รัฐบาลและหน่วยงานที่เกี่ยวข้องยังไม่ให้ความสำคัญกับการวางและจัดทำ
ผังเมืองเพื่อป้องกันและบรรเทาปัญหาอุทกภัย 
โดยการจัดหาข้อมูลและเครื่องมือเพื่อสนับสนุนการวางและจัดทำผังเมือง
ยังไม่เพียงพอ นอกจากนี้ การบังคับใช้กฎหมายยังไม่เคร่งครัดในหลายพื้นที่ 
ทำให้ไม่"
FL-0660,ด้านการควบคุมภายใน อื่น ๆ                                                                           ,กรมป้องกันและบรรเทาสาธารณภัย,การตรวจสอบการดำเนินงานการบริหารจัดการเครื่องจักรกล ยานพาหนะเพื่อใช้สนับสนุนการปฏิบัติงานบรรเทาและฟื้นฟูสาธารณภัย,2560,ในการจัดทำทะเบียนประวัติเครื่องจักรกลไม่เข้าใจในการจัดทำรหัสควบคุมสำหรับเครื่องมือและอุปกรณ์ที่มาพร้อมกับยานพาหนะ เจ้าหน้าที่ผู้รับผิดชอบไม่ให้ความสำคัญ เป็นระเบียบเรียบร้อยเป็นหมวดหมู่,ยานพาหนะไม่เป็นไปตามระเบียบ ไม่จัดทำทะเบียนประวั และเครื่องมืออุปกรณ์ที่มา,"1. กำหนดแนวทางในการควบคุมเครื่องมือ และอุปกรณ์ 
ที่มาพร้อมกับยานพาหนะ เพื่อให้
ศูนย์ ปภ. เขต มีแนวทางในการควบคุมที่เป็นมาตรฐานเดียวกัน
2. กำหนดให้มีการติดตาม ตรวจสอบ 
การบริหารจัดการเครื่องจักรกลยานพาหนะที่จัดสรรให้กับ
ศูนย์ ปภ. เขต โดยเฉพาะเครื่องจักรกล ","ทำให้การวางแผนบริหารเครื่องจักรกลยานพาหนะที่ไม่มีประสิทธิภาพ เครื่องมือ 
และอุปกรณ์ขาดการควบคุม ตรวจสอบ อาจสูญหายและเสื่อมสภาพเร็วกว่ากำหนด 
"
FL-0726,ด้านประสิทธิผล                                                                                      ,สำนักงานจังหวัดสุพรรณบุรี,โครงการตามแผนแม่บทและแผนปฏิบัติการพื้นที่พิเศษเพื่อการท่องเที่ยวอย่างยั่งยืนเมืองโบราณอู่ทอง จังหวัดสุพรรณบุรี,2560,,การดำเนินโครงการตามแผนแม่บทและแผนปฏิบัติการฯ และโครงการตามแผนแม่บทและแผนปฏิบัติการฯ ที่ยังไม่ได้ดำเนินการบางส่วนมีแนวโน้มจะไม่สามารถดำเนินการตามแผนที่,,
FL-0730,ด้านประสิทธิผล                                                                                      ,สำนักงานท้องถิ่นจังหวัดสุราษฎร์ธานี,เงินอุดหนุนสนับสนุนการแก้ไขปัญหาการขาดแคลนน้ำอุปโภคบริโภคให้แก่ประชาชน ปีงบประมาณ 2558,2560,ขาดการตรวจสอบข้อเท็จจริงของข้อมูลและขาดการเตรียมความพร้อมในด้านสถานที่และขาดความพร้อมด้านแหล่งน้ำ ขาดข้อมูลประกอบการพิจารณาคัดเลือกโครงการ,ระบบประปาหมู่บ้านบางแห่งไม่ได้ใช้ประโยชน์ตามวัตถุประสงค์,,"เกิดความสูญเปล่าของงบประมาณ คิดเป็นวงเงินค่าก่อสร้างจำนวน 43,503,000.00 
บาท และเสียโอกาสในการนำเงินงบประมาณเพื่อพัฒนาด้านอื่นๆ 
ที่มีความจำเป็นเร่งด่วนมากกว่า

"
FL-0734,ด้านประสิทธิผล                                                                                      ,สำนักงานจังหวัดอุตรดิตถ์,โครงการตามมาตรการส่งเสริมความเป็นอยู่ระดับตำบล (ตำบลละ 5 ล้านบาท) จ.อุตรดิตถ์,2560,1.คณะกรรมการกลั่นกรองไม่ปฏิบัติตามหลักเกณฑ์ที่กำหนด 2.เจ้าหน้าที่ที่รับผิดชอบไม่ปฏิบัติตามกฎหมาย ระเบียบ ข้อบังคับที่กำหนด,1.การดำเนินโครงการไม่เป็นไปตามหลัดเกณฑ์และแนวทางที่กำหนด 2.การดำเนินโครงการไม่บรรลุวัตถุประสงค์,"1.ให้แต่งตั้งกรรมการสอบข้อเท็จจริงและพิจารณาโทษตามควรแก่กรณี
2.ให้มีการประสานงานกับองค์กรปกครองส่วนท้องถิ่นเพื่อกำหนดแนวทางให้สามารถใช้ประโยชน์ได้สูงสุด
3.กำชับให้ทุกภาคส่วนปฏิบัติตามกฎหมาย ระเบียบ ข้อบังคับโดยเคร่งครัด
","ทำให้ราชการสูญเสียเงินงบประมาณและประชาชนไม่ได้รับประโยชน์ตามเป้าประสงค์ของโครงการ
"
FL-0735,ด้านประสิทธิผล                                                                                      ,โครงการชลประทานตราด,การตรวจสอบการดำเนินงานโครงการสถานีสูบน้ำด้วยไฟฟ้าพร้อมระบบส่งน้ำของโครงการชลประทานตราด และอปท.จังหวัดตราด,2560,และการจัดทำคำของบประมาณไม่สอดคล้องกับสภาพปัญหาและข้อเท็จจริงของพื้นที่ ไม่ได้กำหนดจากครัวเรือนที่อยู่ในขอบเขตพื้นที่ให้บริการของสถานีสูบน้ำ 2)การกำหนดจุดจ่ายน้ำไม่มีห,สถานีสูบน้ำด้วยไฟฟ้า หรือมีการใช้ประโยชน์ต่ำกว่าเป้าหมายที่กำหนด ที่ก่อสร้างแล้วเสร็จบางแห่งไม่มีการใช้ประโยชน์,"ผู้อำนวยการสำนักงานชลประทานที่ 9
1.กำหนดหลักเกณฑ์ วิธีการ 
หรือขั้นตอนในการดำเนินงานในขั้นตอนการศึกษาเบื้องต้น สำรวจออกแบบ 
และจัดทำคำของบประมาณให้ชัดเจน
2.ในขั้นตอนการเสนอของบประมาณ ให้กำหนดหลักเกณฑ์ ข้อกำหนด 
หรือข้อตกลงเกี่ยวกับการดำเนินงานของผู้ที่เกี","1.พื้นที่การเกษตรและเกษตรกรไม่ได้รับประโยชน์จากสถานีสูบน้ำด้วยไฟฟ้าตามวัตถุประสงคฺ์ของการจัดตั้ง 
พืชผลทางการเกษตรอาจได้รับความเสียหาย
2.เกิดความไม่คุ้มค่าจากงบประมาณในการก่อสร้าง
3.สำหรับสถานีสูบน้ำที่ไม่มีการใช้ประโยชน์ติดต่อกันเป็นระยะเวลานาน 
ส่งผลให้"
FL-0736,ด้านประสิทธิผล                                                                                      ,เทศบาลเมืองปราจีนบุรี อำเภอเมือง ปราจีนบุรี,โครงการระบบจัดการขยะมูลฝอยแบบผสมผสานของเทศบาลเมืองปราจีนบุรี,2560,รางระบายน้ำรอบบ่อฝังกลบและแผ่นพลาสติกความหนาแน่นสูง 1.การออกแบบสิ่งก่อสร้างและอุปกรณ์ไม่เหมาะสม/ไม่สอดคล้งกับสภาพพื้นที่และการใช้งาน การออกแบบก่อสร้างถนนทางเข้าไม่ครอบคลุมการแก้ไขปัญหาตลิ่งทรุดตัวที่มีผลทำให้ถนนทางเข้าชำรุดเสียหาย,จากการตรวจสอบเอกสารสัญญาจ้างและหนังสือแจ้งซ่อมถึงผู้รับจ้าง สิ่งก่อสร้างและอุปกรณ์ของระบบจัดการมูลฝอยแบบผสมผสานเทคโนโลยีบางส่วนชำรุดเสียหาย และไม่สะดวกในการใช้งาน,"1.เร่งรัดผู้รับจ้างให้ดำเนินการซ่อมแซมสิ่งก่อสร้างและอุปกรณ์ของระบบจัดการมูลฝอยแบบผสมผสานเทคโนโลยีที่ชำรุดโดยเร็ว 
พร้อมทั้งให้ผู้รับจ้างดำเนินการป้องกันปัญหาการชำรุดดังกล่าวด้วย 
เพื่อไม่ให้ปัญหาเกิดซ้ำขึ้นอีก 
และให้พิจารณาขยายผลการดำเนินการป้องกันปัญหา","1.ทำให้สิ่งก่อสร้างและอุปกรณ์ที่ชำรุดเสียหาย และไม่สะดวกในการใช้งาน 
ไม่ได้มีการใช้ประโยชน์และใช้ประโยชน์น้อย จำนวน 8 รายการ คิดเป็นร้อยละ 
42.11 ของจำนวนสิ่งก่อสร้างและอุปกรณ์ทั้งหมด
2.ทำให้มีความเสี่ยงที่จะเกิดความไมคุ้มค่าในการใช้จ่ายเงินงบประมาณค่าก่อ"
FL-0737,ด้านประสิทธิผล                                                                                      ,กรมโยธาธิการและผังเมือง,การตรวจสอบการดำเนินงานการจัดการภัยพิบัติ,2560,อีกทั้งผังแสดงโครงการคมนาคมและขนส่งมิได้กำหนดคุณลักษณะเฉพาะ การประเมินความเสี่ยงอุทกภัยเพิ่งเริ่มมีการกำหนดไว้ในขั้นตอนการออกแบบ ไว้ในผังเมืองรวมซึ่งเป็นผังที่มีผลบังคับใช้ตามกฎหมาย,การวางและจัดทำผังเมืองยังคำนึงถึงการป้องกันและบรรเทาปัญหาอุทกภัยไม่เพียงพอ,"1. กรมโยธาธิการและผังเมือง กรุงเทพมหานคร เมืองพัทยา 
และองค์กรปกครองส่วนท้องถิ่น ต้องดำเนินการวางและจัดทำผังเมืองรวมที่
แสดงขอบเขตพื้นที่เสี่ยงภัย 
และกำหนดการใช้ประโยชน์ที่ดินให้สอดคล้องและเหมาะสมกับสภาพพื้นที่เสี่ยงภัย 
เพื่อให้ประชาชนได้รับทราบข้อมูลขอ","ทำให้ไม่สามารถควบคุมการใช้ประโยชน์ที่ดินของภาคเอกชนและไม่สามารถ
ควบคุมการดำเนินโครงการของภาครัฐได้ 
รวมทั้งขาดการติดตามตรวจสอบให้มีการดำเนินการตามผังเมืองที่กำหนด 
ความล้มเหลวเหล่านี้ส่งผลให้ปัญหาน้ำท่วมกลายเป็นปัญหาที่มีความซับซ้อน
ต่อการบริหารจัดการและแ"
FL-0738,ด้านประสิทธิผล                                                                                      ,สำนักงานคณะกรรมการคุ้มครองผู้บริโภค,การตรวจสอบการดำเนินงานการคุ้มครองผู้บริโภคของสำนักงานคณะกรรมการคุ้มครองผู้บริโภค,2560,ไม่มีการกำหนดกิจกรรมการส่งเสริมเครือข่ายภาคประชาชน ไม่มีฐานข้อมูลเครือข่ายการดำเนินงานภาคประชาชนในส่วนภูมิภาค รวมถึงไม่มีการบูรณาการข้อมูลร่วมกับหน่วยงานอื่นที่มีการส่งเสริม,การเสริมสร้างภาคีเครือข่ายคุ้มครองผู้บริโภคส่วนใหญ่ไม่ประสบผลสำเร็จ,"ตามประเด็นที่ 1
","การที่ สคบ. ยังไม่สามารถเสริมสร้างภาคีเครือข่ายคุ้มครองผู้บริโภคให้ครอบคลุม
ไปทั่วประเทศ รวมถึงไม่สามารถผลักดันให้เครือข่ายที่จัดตั้งขึ้นดำเนินการ
ได้ตามวัตถุประสงค์และขาดความต่อเนื่องในการดำเนินกิจกรรมเกี่ยวกับการคุ้มครอง
ผู้บริโภค ทำให้ สคบ. มีเครือข่าย"
FL-0742,ด้านประสิทธิผล                                                                                      ,สำนักงานอุตสาหกรรมจังหวัดระยอง,การบริหารจัดการกากอุตสาหกรรมที่เป็นอันตราย,2560,3.สำนักงานอุตสาหกรรมจังหวัดมีข้อจำกัดทางด้านจำนวนบุคลากรในการติดตามตรวจสอบ 1.ผู้ประกอบกิจการโรงงานขาดจิตสำนึกและขาดความรู้ความเข้าใจที่ถูกต้อง และบังคับใช้กฎหมายอย่างเข้มงวดกับผู้ฝ่าฝืนไม่ปฏิบัติตามกฎหมาย,1.กรมโรงงานอุตสาหกรรมยังไม่สามารถดำเนินการให้โรงงานอุตสาหกรรมเข้าสู่ระบบการจัดการกากของเสียอันตรายได้ตามเป้าหมายที่กำหนด การดำเนินการเร่งรัดให้โรงงานอุตสาหกรรมเข้าสู่ระบบการจัดการกากของเสียอันตรายยังไม่สัมฤทธิ์ผล 2.โรงงานอุตสาหกรรมในจังหวัดชลบุรี,"กรมโรงงานอุตสาหกรรม
1.ให้เร่งรัดและติดตามโรงงานผู้ก่อกำเนิดอุตสาหกรรมในประเทศ 
เข้าสู่ระบบการจัดการกากอุตสาหกรรมให้ได้ตามเป้าหมายที่กำหนดไว้
2.เสริมสร้างความรู้ความเข้าใจที่ถูกต้องแก่ผู้ประกอบกิจการโรงงานในเรื่องการจัดการสิ่งปฏิกูลหรือวัสดุที่ไม่ใช้แล้วอย","จากข้อมูลกรมโรงงาน ได้คำนวณตัวเลขปริมาณกากอุตสาหกรรม ปี 2557 พบว่า 
ประเทศไทยควรมีกากอันตรายปีละ3.35 ล้านตัน 
และเมื่อเปรียบเทียบกับปริมาณกากอุตสาหกรรมที่โรงงานได้ขออนุญาตออกไปบำบัด/กำจัด/รีไซเคิลและแจ้งขนส่งจริงแล้ว 
พ.ศ.2557 สำหรับกากอันตราย มีเพียงจำนว"
FL-0743,ด้านประสิทธิผล                                                                                      ,กรมอุตุนิยมวิทยา,การพัฒนาและบำรุงรักษาเครื่องมือตรวจวัดและพยากรณ์อากาศ กรมอุตุนิยมวิทยา กระทรวงเทคโนโลยีสารสนเทศและการสื่อสาร,2560,ดูแลบำรุงรักษาเครื่องมือบางประเภทที่ใช้ในการปฏิบัติงานตามภารกิจหลักของหน่วยงาน 1.กรมอุตุนิยมวิทยาไม่ได้ให้ความสำคัญต่อการจัดทำแผนการปฏิบัติงานด้านการซ่อมแซม โดยมุ่งเน้นหรือให้ความสำคัญเฉพาะแผนปฏิบัติงานด้านการจัดหาเครื่องมือตรวจวัด,เครื่องมือตรวจวัดและพยากรณ์อากาศในภารกิจหลักสำคัญของกรมอุตุนิยมวิทยาจำนวนมาก เกิดการชำรุดเสียหายไม่สามารถใช้งานได้ โดยมีจุดอ่อนอย่างมากเกี่ยวกับระบบ,"1.ให้มีการจัดทำแผนการปฏิบัติงานประจำปีสำหรับการซ่อมแซม 
ดูแลบำรุงรักษาเครื่องมือ ที่ใช้ในการปฏิบัติงานตามภารกิจหลักของกรมอุตุนิยมวิทยา
ให้มีความชัดเจน ครอบคลุมรายการเครื่องมือและอุปกรณ์ และถือปฏิบัติโดยเคร่งครัด 
รวมถึงการวางแผนด้านการจัดหาอะไหล่สำรองตามค","
1.ทำให้เครื่องมือไม่สามารถใช้ประโยชน์ในภารกิจของกรมอุตุนิยมวิทยาได้
ตามวัตถุประสงค์ อีกทั้งยังเป็นการลงทุนโดยไม่เกิดความคุ้มค่าของเงินงบประมาณ 
หรือไม่เกิดประโยชน์ในภารกิจของรัฐอย่างเต็มที่ รวมมูลค่าประมาณของรายการ
เครื่องมือที่ลงทุนติดตั้งแล้วแต่ไม่ได้ร"
FL-0855,ด้านประสิทธิผล อื่น ๆ                                                                               ,สำนักงานท้องถิ่นจังหวัดสุราษฎร์ธานี,เงินอุดหนุนสนับสนุนการแก้ไขปัญหาการขาดแคลนน้ำอุปโภคบริโภคให้แก่ประชาชน ปีงบประมาณ 2558,2560,และสนง.ส่งเสริมการปกครองท้องถิ่นจังหวัดสุราษฎร์ธานีพิจารณาอนุมัติโดยไม่คำนึงถึงความคุ้มค่า ผู้รับจ้างที่มีความชำนาญมีจำนวนน้อยรายและไม่สนใจเสนอราคา รวมทั้งอปท.บางแห่งมีบุคลากรไม่เพียงพอและไม่มีความรู้ความชำนาญ,การจัดจ้างไม่เป็นไปตามหลักเกณฑ์ที่กำหนด,,"การใช้จ่ายงบประมาณค่าก่อสรา้งเกิดความไม่คุ้มค่า เกิดความไม่ประหยัด 
โดยคิดจากวงเงินที่มีการเปลี่ยนแปลงแบบแปลนจำนวน 26,573,400 บาท 
รวมทั้งเสียโอกาสในการนำงบประมาณไปใช้ประโยชน์ด้านอื่นๆ 
ที่ความจำเป็นเร่งด่วนมากกว่า
"
FL-0857,ด้านประสิทธิผล อื่น ๆ                                                                               ,สำนักงานธนารักษ์พื้นที่กำแพงเพชร,การบริหารจัดการที่ราชพัสดุของสำนักงานธนารักษ์พื้นที่,2560,ธนารักษ์พื้นที่และเจ้าหน้าที่ไม่มีการประชาสัมพันธ์หรือแจ้งข้อมูลข่าวสารให้หน่วยงานขอใช้ทราบถึงกฎ ส่วนราชการ/อปท. และแนวทางปฏิบัติเกี่ยวกับการใช้ประ,การบริหารที่ราชพัสดุด้านการให้ส่วนราชการ/องค์กรปกครองส่วนท้องถิ่นผู้ขอใช้ประโยชน์ในที่ราชพัสดุไม่มีประสิทธิภาพ และไม่เป็นไปตามระเบียบและหลักเกณฑ์ที่กำหนด 1.,"1. 
เร่งรัดและกำชับให้สำนักงานธนารักษ์พื้นที่กำแพงเพชรและพิจิตรดำเนินการจัดเก็บค่าเช่าและค่าธรรมเนียมจากกรณีที่ส่วนราชการและองค์กรปกครองส่วนท้องถิ่นขอใช้และนำไปจัดประโยชน์ในเบื้องต้นเป็นเงินจำนวน 
10,466,112.00 บาท . 
ตรวจสอบและจัดเก็บค่าธรรมเนียมการจัดปร","กรณีการจัดทำทะเบียนที่ราชพัสดุจังหวัดไม่ถูกต้อง ครบถ้วน และเป็นปัจจุบัน 
ส่งผลให้ฐานข้อมูลจากทะเบียนที่ราชพัสดุจังหวัดอาจไม่สะท้อนข้อมูลทรัพย์สินที่มีอยู่จริง 
อันจะส่งผลให้การดำเนินการของสำนักงานธนารักษ์พื้นที่ที่เกี่ยวกับการปกครอง 
ดูแล การบำรุงรักษา แล"
FL-0858,ด้านประสิทธิผล อื่น ๆ                                                                               ,องค์การบริหารส่วนจังหวัดมหาสารคาม,โครงการพัฒนาและบริหารจัดการระบบบริการแพทย์ฉุกเฉินจังหวัดร้อยเอ็ด และจังหวัดมหาสารคาม,2560,ที่ได้รับการสนับสนุนรถพยาบาลฉุกเฉินปฏิบัติตามประกาศของ ให้นำรถไปใช้ไม่ตรงตามวัตถุประสงค์ของการแพทย์ฉุกเ อปท.ได้รับการประสานหรือสั่งการโดยตรงจากผู้บังคับบัญชา,ดำเนินการเช่ารถยนต์ดัดแปลงเป็นรถพยาบาลฉุกเฉิน ในพื้นที่จังหวัดร้อยเอ็ด องค์การบริหารส่วนจังหวัดร้อยเอ็ด,"    1.แจ้งกำชับองค์กรปกครองส่วนท้องถิ่นที่ได้รับการสนับสนุนรถพยาบาลฉุกเฉิน
ให้นำรถไปใช้ให้ตรงตามวัตถุประสงค์ของระบบบริการการแพทย์ฉุกเฉิน 
หากพบองค์กรปกครองส่วนท้องถิ่นใดมีการนำรถพยาบาลฉุกเฉินไปใช้ไม่ตรง
ตามวัตถุประสงค์ของการแพทย์ฉุกเฉิน 
ให้ติดตามตรวจสอบ ","    1.อาจทำให้ประชาชนเสียโอกาสที่จะได้รับบริการด้านการแพทย์ฉุกเฉิน 
 หากเกิดเหตุฉุกเฉินหรือมีผู้ป่วยฉุกเฉินที่ควรได้รับบริการอย่างทันท่วงที
    2.อาจก่อให้เกิดความเสียหายต่อชีวิตและทรัพย์สิน
    3.อปท.อาจมีภาระค่าใช้จ่ายค่าน้ำมันที่เพิ่มขึ้น 
จากการให้บริ"
FL-0859,ด้านประสิทธิผล อื่น ๆ                                                                               ,เทศบาลเมืองปราจีนบุรี อำเภอเมือง ปราจีนบุรี,โครงการระบบจัดการขยะมูลฝอยแบบผสมผสานของเทศบาลเมืองปราจีนบุรี,2560,การที่ระบบจัดการมูลฝอยแบบผสมผสานเทคโนโลยีจัดทำแผนการเฝ้าระวังผลกระทบต่อสิ่งแวดล้อมและประชาชน เกิดจากการจัดทำแผนไม่ได้ทบทวนคู่มือการเดินระบบและบำรุงรักษาระบบจัดการขยะมูลฝอยชุมชน และแผนการเตรียมความพร้อมในการรองรับภาวะฉุกเฉินไม่ครบถ้วน,และแผนการเตรียมความพร้อมในการรองรับภาวะฉุกเฉินของระบบจัดการมูลฝอยแบบผสมผสานเทคโนโลยีไม่ครบถ้วน จากการตรวจสอบเอกสารเกี่ยวกับแผนการเฝ้าระวังผลกระทบต่อสิ่งแวดล้อมและประชาชน,"ให้นายกเทศมนตรีเมืองปราจีนบุรีพิจารณาดำเนินการ ดังนี้
  
1.สั่งการให้หน่วยงานที่รับผิดชอบทบทวนคู่มือปฏิบัติการในการดูแลและเดินระบบฝังกลบขยะมูลฝอย 
ของกรมควบคุมมลพิษ 
รวมทั้งลักษณะปัญหาสิ่งแวดล้อมและความเสี่ยงที่สำคัญจากการดำเนินการกำจัดขยะมูลฝอยแบบฝังกลบ ","การที่ระบบจัดการมูลฝอยแบบผสมผสานเทคโนโลยีจัดทำแผนการเฝ้าระวังผลกระทบต่อสิ่งแวดล้อมและประชาชน 
และแผนการเตรียมความพร้อมในการรองรับภาวะฉุกเฉินไม่ครบถ้วน 
จะส่งผลทำให้ไม่มีข้อมูลลักษณะปัญหาสิ่งแวดล้อมที่สำคัญที่ส่งผลกระทบต่อสิ่งแวดล้อมและประชาชน 
และไม่มีแนว"
FL-0861,ด้านประสิทธิผล อื่น ๆ                                                                               ,กรมศิลปากร,การพัฒนาและส่งเสริมงานพิพิธภัณฑสถานแห่งชาติเพื่อการอนุรักษ์ศิลปวัฒนธรรมและเพิ่มศักยภาพการท่องเที่ยว,2560,1.ภัณฑารักษ์หรือเจ้าหน้าที่ที่มีหน้าที่รับผิดชอบในการบันทึกข้อมูล สาเหตุสำคัญที่ทำให้พิพิธภัณฑสถานแห่งชาติมีการปฏิบัติไม่เป็นไปตามคู่มือการจัดทำทะเบียนโบราณวัตถุ การควบคุมการเคลื่อนย้าย,สรุปสาระสำคัญดังนี้ 1.1.1พิพิธภัณฑสถานแห่ การควบคุมการเคลื่อนย้าย,"เพื่อให้การจัดทำทะเบียนโบราณวัตถุ 
ศิลปวัตถุของพิพิธภัณฑสถานแห่งชาติเป็นไปตามคู่มือจัดทำทะเบียนโบราณวัตถุ 
ศิลปวัตถุ อย่างมีประสิทธิภาพ ประสิทธิผล สำนักงานการตรวจเงินแผ่นดินจึงม
ข้อเสนอแนะให้อธิบดีกรมศิลปากรพิจารณาดำเนินการดังนี้
1.กำชับให้ผู้อำนวยการหรือ","จากการที่พิพิธภัณฑสถานแห่งชาติมีการบันทึกข้อมูล การควบคุมการเคลื่อนย้าย 
และการตรวจสอบจำนวนโบราณวัตถุ ศิลปวัตถุ 
ในพิพิธภัณฑสถานแห่งชาติยังไม่เป็นไปตามคู่มือการจัดทำทะเบียนโบราณวัตถุ 
ศิลปวัตถุ ที่กำหนด 
ส่งผลกระทบทำให้พิพิธภัณฑสถานแห่งชาติไม่มีหลักฐานทะเ"
FL-0862,ด้านประสิทธิผล อื่น ๆ                                                                               ,สำนักงานคณะกรรมการคุ้มครองผู้บริโภค,การตรวจสอบการดำเนินงานการคุ้มครองผู้บริโภคของสำนักงานคณะกรรมการคุ้มครองผู้บริโภค,2560,บทบาทของคณะอนุกรรมการคุ้มครองผู้บริโภคในส่วนภูมิภาคและส่วนท้องถิ่น โครงสร้างของคณะอนุกรรมการคุ้มครองผู้บริโภคประจำจังหวัดไม่เหมาะสม ทับซ้อนกับภารกิจของหน่วยราชการในส่วนภูมิภาคและองค์กรปกครองส่วนท้องถิ่น,การส่งเสริมการดำเนินงานคุ้มครองผู้บริโภคในส่วนภูมิภาคและส่วนท้องถิ่น ไม่ประสบผลสำเร็จ,"ตามข้อเสนอแนะข้อ 1
","1. ผู้บริโภคที่อยู่ในส่วนภูมิภาคยังไม่ได้รับการคุ้มครอง 
มีความเสี่ยงที่จะถูกเอาเปรียบจากผู้ประกอบการ 
รวมถึงไม่ได้รับการส่งเสริมประชาสัมพันธ์ให้รู้จักและตระหนักถึงสิทธิของผู้บริโภค
2. ส่งผลให้การใช้งบประมาณในการส่งเสริมการดำเนินงานคุ้มครองผู้บริโภค
ในส่ว"
FL-1003,ด้านประสิทธิภาพและความประหยัด                                                                       ,เทศบาลตำบลทุ่งหลวง,การบริหารจัดการขยะมูลฝอยในเขตพัฒนาเศรษฐกิจพิเศษตาก,2560,สาเหตุที่ทำให้การบริหารจัดการขยะมูลฝอยในเขตพัฒนาเศรษฐกิจพิเศษตากไม่มีประสิทธิภาพเกิดจากปัญหาอุปสรรคและมีข้อกำจัดหลายประการ ในระบบกำจัดขยะมูลฝอยของเทศบาลนครแม่สอดและองค์การบริหารส่วนตำบลช่องแคบชำรุด สรุปได้ดังนี้,องค์กรปกครองส่วนท้องถิ่นที่อยู่ในเขตพัฒนาเศรษกิจพิเศษตากที่มีการบริหารจัดการขยะมูลฝอย และกำจัดขยะมูลฝอยไม่ครอบคุลมผู้ที่ได้รับบริการ การจัดเก็บค่าธรรมเนียมในการเก็บ,"1. 
เทศบาลนครแม่สอดและองค์การบริหารส่วนตำบลช่องแคบควรเร่งดำเนินการซ่อมแซมระบบกำจัดขยะมูลฝอยให้ใช้งานได้โดยเร็ว 
เพื่อแก้ไขปัญหาการกำจัดขยะมูลฝอยในพื้นที่ให้ถูกต้องตามหลักสุขาภิบาลต่อไป
	2. 
องค์กรปกครองส่วนท้องถิ่นต้องดำเนินการบริหารจัดการขยะมูลฝอยประกอบด","การบริหารจัดการขยะมูลฝอยในเขตพัฒนาเศรษฐกิจพิเศษตากไม่มีประสิทธิภาพ 
ทำให้มีผลกระทบต่อคุณภาพสิ่งแวดล้อม เพิ่มภาระด้านงบประมาณ 
และทำให้การใช้จ่ายงบประมาณไม่คุ้มค่า ดังนี้ 
	1. การบริหารจัดการขยะมูลฝอยที่ไม่มีประสิทธิภาพ 
ส่งผลกระทบโดยรวมทำให้ไม่สามารถควบคุ"
FL-1004,ด้านประสิทธิภาพและความประหยัด                                                                       ,สำนักงานปศุสัตว์จังหวัดสุโขทัย,มาตราการส่งเสริมความรู้และการสนับสนุนปัจจัยการผลิตเพื่อลดรายจ่ายครัวเรือน,2560,สาเหตุสำคัญของสภาพปัญหาดังกล่าวเกิดจากการดำเนินโครงการในขั้นตอนการจัดซื้อมีความล่าช้า การคัดเลือกกลุ่มเป้าหมายและการแจกจ่ายปัจจัย การผลิตไม่สอดคล้องกับวัตถุประสงค์โครงการ,ตามคู่มือการดำเนินงานการส่งเสริมความรู้และสนับสนุนปัจจัยการผลิตเพื่อลดรายจ่ายในครัวเรือน การดำเนินโครงการสร้างรายได้จากพืชทดแทนนาปรังไม่มีประสิทธิภาพ การสนับสนุนปัจจัยการผลิตให้แก่เกษตรกรที่เข้าร่วมโครงการมีความล่าช้า,"เพื่อให้การดำเนินโครงการมีประสิทธิภาพ 
ประสิทธิผลและเกิดความคุ้มค่าต่อการใช้จ่ายเงินงบประมาณ 
สำนักงานการตรวจเงินแผ่นดินมีข้อเสนอแนะให้เกษตรจังหวัดพิษณุโลกและสุโขทัยพิจารณาดำเนินการ 
ดังนี้
1. ในการดำเนินโครงการควรมีการวางแผนการดำเนินงานในทุกๆ ด้าน 
ให้เห","ส่งผลกระทบให้การดำเนินโครงการไม่บรรลุวัตถุประสงค์โครงการในการลดพื้นที่การทำนาปรัง 
เกษตรกรกลุ่มเป้าหมายบางส่วนเสียโอกาสและไม่มีรายได้จากการเพาะปลูกพืชทดแทนในฤดูแล้งตามวัตถุประสงค์โครงการ 
และทำให้การใช้จ่ายเงินงบประมาณไม่คุ้มค่า 
"
FL-1007,ด้านประสิทธิภาพและความประหยัด                                                                       ,สำนักงานพัฒนาชุมชนจังหวัดสตูล,โครงการพัฒนาศักยภาพการท่องเที่ยวชุมชน จังหวัดสตูล,2560,2.1สำนักงานพัฒนาชุมชนจังหวัดสตูลต้องการประชาสัมพันธ์ภาพรวมของจังหวัดในการติดตามประเมินผลคณะผู้ ไม่ได้ศึกษาระเบียบอย่างละเอียดทำให้มีการเบิกจ่ายค่าอาหารเกินอัตราที่ระเบียบกำหนด 1.กิจกรรมศึกษาดูงานฯ,การใช้จ่ายเงินงบประมาณในการสนับสนุนแหล่งท่องเที่ยวชุมชนยังไม่มีความประหยัด,"ข้อเสนอแนะถึงผวจ.สตูล
1.ในโอกาสต่อไปก่อนการอนุมัติโครงการควรพิจารณาถึงวัตถุประสงค์ของโครงการ 
เอกสารโครงการต้องมีความชัดเจน 
รวมถึงศักยภาพของชุมชนที่จะต่อยอดโครงการและการติดตามประเมินผลความก้าวหน้าของโครงการ
2.ติดตามผลการตรวจสอบข้อเท็จจริงกรณีที่มีวัสดุคร","กิจกรรมที่1
ผลกระทบ 
เกิดความเสียหายและความไม่ประหยัดในการใช้จ่ายเงินงบประมาณ 
จำนวน 32,000.00 บาท
กิจกรรมที่2
ผลกระทบ
ทำให้ชุมชนท่องเที่ยวทั้ง6ชุมชน ไม่เป็นที่รู้จักแพร่หลายในกลุ่มนักท่องเที่ยว
กิจกรรมที่3
ผลกระทบ
ทำให้เกิดความไม่ประหยัดในการใช้จ่ายเงินง"
FL-1008,ด้านประสิทธิภาพและความประหยัด                                                                       ,สำนักงานจังหวัดสตูล,โครงการพัฒนาเมืองสตูล,2560,จุดเชื่อมต่อระหว่างเหล็กโครงสร้างภายในประติมากรรมเรือสำเภากับเหล็กกลวงแบบกลมที่เป็นแกนกลางไม่แข็งแรงเพียงพอ 2.เสาไฟฟ้าประติมากรรมที่ดวงไฟส่องสว่างไม่ติดคิดเป็นร้อยละ76.04ของจำนวนเสาไฟฟ้าทั้งหมดของโครงการ 1.การยึดประติมากรรมใช้สกรูขนาดเล็กเกินไป,การดำเนินงานกิจกรรมพัฒนาเมืองสตูล งานติดตั้งเสาไฟฟ้าประติมากรรมมีสภาพไม่มั่นคงแข็งแรง,"ข้อเสนอแนะต่อ ผวจ.สตูล
1.กำกับดูแลให้ผู้รับผิดชอบแจ้งผู้รับจ้างเข้าซ่อมแซมสิ่งก่อสร้างให้อยู่ในสภาพดีดังเดิมพร้อมใช้งาน
2.กำกับดูแลให้ผู้ควบคุมงานปฏิบัติหน้าที่ควบคุมงานก่อสร้างให้เป็นไปตามมาตรฐานวิชาชีพอย่างเคร่งครัด

","1.สูญเสียโอกาสจากการได้ใช้ประโยชน์จากเสาไฟฟ้าประติมากรรมในด้านความสวยงามของโครงการ
2.ผู้ใช้ประโยชน์จากโครงการและผู้ที่อาศัยอยู่ใกล้เคียงขาดความเชื่อมั่นต่อความมั่นคงแข็งแรง
3.สูญเสียโอกาสจากการได้ใช้ประโยชน์จากไฟส่องสว่างที่ไม่ติด
4.มีแนวโน้มที่จะเพิ่มค่า"
FL-1009,ด้านประสิทธิภาพและความประหยัด                                                                       ,สำนักงานจังหวัดพัทลุง,โครงการพัฒนาอุตสาหกรรมการท่องเที่ยวเชิงอนุรักษ์เข้มแข็งเพื่อเข้าสู่ประชาคมอาเซียนปีงบประมาณพ.ศ.2557-2558จังหวัดพัทลุง,2560,เจ้าหน้าที่ผู้รับผิดชอบและผู้เกี่ยวข้องไม่ศึกษาทำความเข้าใจ กฎหมาย ระเบียบ ข้อบังคับหนังสือสั่งการ และมติคณะรัฐมนตรีที่เกี่ยวข้อง ว่าการเบิกจ่ายเป็นไปโดยถูกต้อง เหมาะสม ประหยัด หรือไม่,การเบิกจ่ายเงินงบประมาณไม่ถูกต้องตามระเบียบที่เกี่ยวข้อง เบิกจ่ายค่าใช้จ่ายในการจัดสัมนาไม่ถูกต้อง เบิกจ่ายไม่ถูกต้อง,"1.กิจกรรมประชาสัมพันธ์การท่องเที่ยวจังหวัดพัทลุง 
ให้แต่งตั้งคณะกรรมการตรวจสอบข้อเท็จจริง 
และให้เรียกเงินคืนจากผู้ที่เกี่ยวข้อง เป็นเงิน 10,600 บาท 
ส่งคืนคลังเป็นเงินรายได้แผ่นดินโ ดยด่วน
2.กิจกรรมงานเทศกาล"" ล่องเรือ แลนก ทะเลน้อย""  
ให้แต่งตั้งคณะกรรมก","การเบิกจ่ายที่ไม่ถูกต้องตามระเบียบ ทำให้เกิดความเสียหายต่อทางราชการ
และประชาชนในพื้นที่ไม่ได้รับประโยชน์โดยตรง
"
FL-1010,ด้านประสิทธิภาพและความประหยัด                                                                       ,องค์การบริหารส่วนจังหวัดปทุมธานี,โครงการจ้างเหมารถรับส่งนักเรียนของโรงเรียนในสังกัดองค์การบริหารส่วนจังหวัดปทุมธานี,2560,โดยจากการตรวจสอบเอกสารประกวดราคาโครงการจ้างเหมารถรับส่งนักเรียนขององค์การบริหารส่วนจังหวัดปทุมธานีตั้งแต่เริ่มดำเนินการจนถึงปัจจุบัน การประกาศประกวดราคามีการกำหนดคุณสมบัติของผู้รับจ้างมีรายละเอียดไม่เพียงพอ ไม่มีการกำหนดในประกาศประกวดราคา,ส่งนักเรียนโรงเรียนในสังกัดองค์การบริหารส่วนจังหวัดปทุมธานี แต่หากโรงเรียนในสังกัดมีความต้องการจัดบริการรถรับส่ ข้อตรวจพบที่,"กรณีองค์การบริหารส่วนจังหวัดปทุมธานี ยังคงดำเนินการจัดรถรับส่งนักเรียน 
ให้กับนักเรียนโรงเรียนวัดป่างิ้ว และโรงเรียนสามโคก 
โดยให้ผู้ปกครองเป็นผู้รับผิดชอบค่าใช้จ่ายในการดำเนินการเอง 
หรือจัดรถรับส่งนักเรียนให้กับนักเรียนด้อยโอกาส 
จะต้องมีการควบคุมและตรว","๑.	การใช้จ่ายงบประมาณไม่คุ้มค่า 
ต้องเสียงบประมาณในการจัดรถรับส่งนักเรียนเกินกว่า       ที่ควรจะเป็น 
เพราะมีนักเรียนบางส่วนที่สามารถเดินทางมาเรียนได้ด้วยตนเอง แต่องค์การบริหาร      
ส่วนจังหวัดปทุมธานีกลับจัดรถรับส่งให้กับนักเรียนทุกคน 
และมีการกำหนดราคา"
FL-1012,ด้านประสิทธิภาพและความประหยัด                                                                       ,กรมโยธาธิการและผังเมือง,การตรวจสอบการดำเนินงานการจัดการภัยพิบัติ,2560,ผังเมืองเพื่อป้องกันและบรรเทาปัญหาอุทกภัย การบังคับใช้กฎหมายยังไม่เคร่งครัดในหลายพื้นที่ รัฐบาลและหน่วยงานที่เกี่ยวข้องยังไม่ให้ความสำคัญกับการวางและจัดทำ,การบังคับใช้กฎหมายว่าด้วยการผังเมืองขององค์กรปกครองส่วนท้องถิ่นยังไม่เข้มงวด,"1. กรมโยธาธิการและผังเมือง กรุงเทพมหานคร เมืองพัทยา 
และองค์กรปกครองส่วนท้องถิ่น 
ต้องดำเนินการวางและจัดทำผังเมืองรวมที่แสดงขอบเขตพื้นที่เสี่ยงภัย 
และกำหนดการใช้ประโยชน์ที่ดินให้สอดคล้องและเหมาะสมกับสภาพพื้นที่เสี่ยงภัย 
เพื่อให้ประชาชนได้รับทราบข้อมูลขอ","รัฐบาลและหน่วยงานที่เกี่ยวข้องยังไม่ให้ความสำคัญกับการวางและจัดทำผังเมือง
เพื่อป้องกันและบรรเทาปัญหาอุทกภัย 
โดยการจัดหาข้อมูลและเครื่องมือเพื่อสนับสนุนการวางและจัดทำผังเมือง
ยังไม่เพียงพอ นอกจากนี้ การบังคับใช้กฎหมายยังไม่เคร่งครัดในหลายพื้นที่ 
ทำให้ไม่"
FL-1102,ด้านประสิทธิภาพและความประหยัด อื่นๆ                                                                 ,เทศบาลตำบลทุ่งหลวง,การบริหารจัดการขยะมูลฝอยในเขตพัฒนาเศรษฐกิจพิเศษตาก,2560,สาเหตุที่ทำให้การบริหารจัดการขยะมูลฝอยในเขตพัฒนาเศรษฐกิจพิเศษตากไม่มีประสิทธิภาพเกิดจากปัญหาอุปสรรคและมีข้อกำจัดหลายประการ ในระบบกำจัดขยะมูลฝอยของเทศบาลนครแม่สอดและองค์การบริหารส่วนตำบลช่องแคบชำรุด สรุปได้ดังนี้,การจัดการขยะมูลฝอยในเขตพัฒนาเศรษฐกิจพิเศษตากไม่มีประสิทธิภาพ การจัดการขยะมูลฝอยและของเสียอันตรายไม่เป็นไปตามมาตรฐานและแนวทางที่กำหนด ขยะมูลฝอยตกค้างยังมิได้นำมากำจ,"1. 
เทศบาลนครแม่สอดและองค์การบริหารส่วนตำบลช่องแคบควรเร่งดำเนินการซ่อมแซมระบบกำจัดขยะมูลฝอยให้ใช้งานได้โดยเร็ว 
เพื่อแก้ไขปัญหาการกำจัดขยะมูลฝอยในพื้นที่ให้ถูกต้องตามหลักสุขาภิบาลต่อไป
	2. 
องค์กรปกครองส่วนท้องถิ่นต้องดำเนินการบริหารจัดการขยะมูลฝอยประกอบด","การบริหารจัดการขยะมูลฝอยในเขตพัฒนาเศรษฐกิจพิเศษตากไม่มีประสิทธิภาพ 
ทำให้มีผลกระทบต่อคุณภาพสิ่งแวดล้อม เพิ่มภาระด้านงบประมาณ 
และทำให้การใช้จ่ายงบประมาณไม่คุ้มค่า ดังนี้ 
	1. การบริหารจัดการขยะมูลฝอยที่ไม่มีประสิทธิภาพ 
ส่งผลกระทบโดยรวมทำให้ไม่สามารถควบคุ"
FL-1103,ด้านประสิทธิภาพและความประหยัด อื่นๆ                                                                 ,สำนักงานจังหวัดสุพรรณบุรี,การดำเนินการของศูนย์อำนวยการป้องกันและปราบปรามยาเสพติดของจังหวัดในพื้นที่ความรับผิดชอบของ สตพ. 3,2560,,,"1.	
กำหนดและวางแนวทางปฏิบัติให้เจ้าหน้าที่ผู้รับผิดชอบในการจัดทำแผนปฏิบัติการป้องกันและแก้ไขปัญหายาเสพติดของจังหวัด 
และหน่วยงานที่เกี่ยวข้อง 
ควรร่วมกันจัดทำแผนการปฏิบัติงานและแผนการใช้จ่ายเงินงบประมาณควบคู่กันไป 
โดยต้องจำแนกกิจกรรมในแต่ละผลผลิตได้อย่าง","๑.	การดำเนินการป้องกันและแก้ไขปัญหายาเสพติดในพื้นที่ 
อาจไม่ประสบผลสำเร็จ      
ในการลดปริมาณผู้เข้าสู่การกระทำผิดเกี่ยวกับยาเสพติดและนำคนออกจากวงจรการกระทำผิดเกี่ยวกับยาเสพติด 
จนไม่ส่งผลกระทบต่อสังคมและประชาชน 
เนื่องจากขาดการบูรณาการวางแผนร่วมกันระหว่า"
FL-1105,ด้านประสิทธิภาพและความประหยัด อื่นๆ                                                                 ,อบต.ศรีเทพ,โครงการอบรมและศึกษาดูงานขององค์กรปกครองส่วนท้องถิ่น,2560,เกิดจากการจัดทำโครงการมิได้มีข้อมูลที่แสดงถึงความจำเป็น ความเหมาะสม และความสอดคล้องตามแนวทางในการพัฒนาของแต่ละ อปท. ที่ชัดเจน แต่มีลักษณะเป็นการมุ่งเน้นกิจกรรมด้านการท่องเที่ยวเป็นหลัก โดยมิได้ให้ความสำคัญในกิจกรรมการฝึกอบรมและการศึกษาดูงานตามวัตถุประส,การดำเนินโครงการฝึกอบรมและศึกษาดูงานไม่มีประสิทธิภาพ ไม่ดำเนินการตามหลักสูตรการฝึกอบรมที่กำหนด มิได้ดำเนินการฝึกอบรมตามหลักสูตรที่กำหนด,"1. นายกเทศมนตรี/นายกองค์การบริหารส่วนตำบล : 
การจัดทำโครงการฝึกอบรมเพื่อก่อให้เกิดประสิทธิภาพในการทำงาน 
สามารถแก้ไขปัญหาหรือตอบสนองความต้องการขององค์กรได้ขึ้นอยู่กับปัจจัยสำคัญ 
คือ การจัดทำหลักสูตรที่เหมาะสมและตรงกับความต้องการแก้ไขปัญหา 
ซึ่งการจัดทำโค","ทำให้การใช้จ่ายเงินงบประมาณไม่เกิดความคุ้มค่าหรือสูญเสียงบประมาณโดยไม่จำเป็น 
ไม่ประหยัด เป็นจำนวนเงินมากกว่า 11.76 ล้านบาท คิดเป็นร้อยละ 44.35 
ของงบประมาณในการดำเนินโครงการ 
และทำให้ไม่เกิดการพัฒนาศักยภาพของบุคลากรหรือเพิ่มประสิทธิภาพการปฏิบัติงานขององค"
FL-1106,ด้านประสิทธิภาพและความประหยัด อื่นๆ                                                                 ,สำนักงานธนารักษ์พื้นที่พิษณุโลก,การบริหารจัดการที่ราชพัสดุของสำนักงานธนารักษ์พื้นที่,2560,สำนักงานธนารักษ์พื้นที่ไม่ดำเนินการสำรวจตรวจสอบข้อมูลที่เกี่ยวข้องและจำเป็นต่อการบริหารจัดการที่ราชพัสดุ การกำหนดเป้าหมายกลยุทธ์และการวางแผนปฏิบัติงานโดยจัดทำประมาณการจัดเก็บรายได้ไม่สอดคล้องและไม่ตรงกับข้อเท็จจริง มิได้ให้ความสำคัญต่อภารกิจด้านบริหารที,จากการเปรียบเทียบประมาณการรายได้กับรายได้ที่จัดเก็บได้ในปีงบประมาณ มีการจัดเก็บรายได้สูงกว่าประมาณการ การจัดเก็บรายได้ไม่มีประสิทธิภาพ,"1. ให้เร่งรัดและดำเนินการจัดเก็บรายได้ 
จากการใช้ประโยชน์ในที่ราชพัสดุไม่ถูกต้องและจัดเก็บรายได้ต่ำไป 
ตามที่แจ้งไว้ตามผลกระทบให้ถูกต้องครบถ้วนโดยเร็ว 
และสั่งการให้มีการควบคุมดูแลไม่ให้เกิดข้อผิดพลาดขึ้นอีก
	2. 
ให้เร่งรัดและติดตามกรณีการบุกรุกที่ราชพัสด","ทำให้การจัดเก็บรายได้จากการใช้ประโยชน์ในที่ราชพัสดุต่ำไป รวมเป็นเงิน 
21,880,201.51 บาท 
อีกทั้งกรณีมีการบุกรุกที่ราชพัสดุทำให้รัฐสูญเสียที่ราชพัสดุโดยหากยินยอมให้ผู้บุกรุกเช่าแล้ว 
ในทางปฏิบัติเป็นไปได้ยากที่จะนำที่ราชพัสดุดังกล่าวกลับมาใช้ประโยชน์ในราชก"
FL-1107,ด้านประสิทธิภาพและความประหยัด อื่นๆ                                                                 ,สำนักงานธนารักษ์พื้นที่พิษณุโลก,การบริหารจัดการที่ราชพัสดุของสำนักงานธนารักษ์พื้นที่,2560,สำนักงานธนารักษ์พื้นที่ไม่ดำเนินการสำรวจตรวจสอบข้อมูลที่เกี่ยวข้องและจำเป็นต่อการบริหารจัดการที่ราชพัสดุ การกำหนดเป้าหมายกลยุทธ์และการวางแผนปฏิบัติงานโดยจัดทำประมาณการจัดเก็บรายได้ไม่สอดคล้องและไม่ตรงกับข้อเท็จจริง มิได้ให้ความสำคัญต่อภารกิจด้านบริหารที,จากการเปรียบเทียบประมาณการรายได้กับรายได้ที่จัดเก็บได้ในปีงบประมาณ มีการจัดเก็บรายได้สูงกว่าประมาณการ การจัดเก็บรายได้ไม่มีประสิทธิภาพ,"1. ให้เร่งรัดและดำเนินการจัดเก็บรายได้ 
จากการใช้ประโยชน์ในที่ราชพัสดุไม่ถูกต้องและจัดเก็บรายได้ต่ำไป 
ตามที่แจ้งไว้ตามผลกระทบให้ถูกต้องครบถ้วนโดยเร็ว 
และสั่งการให้มีการควบคุมดูแลไม่ให้เกิดข้อผิดพลาดขึ้นอีก
	2. 
ให้เร่งรัดและติดตามกรณีการบุกรุกที่ราชพัสด","ทำให้การจัดเก็บรายได้จากการใช้ประโยชน์ในที่ราชพัสดุต่ำไป รวมเป็นเงิน 
21,880,201.51 บาท 
อีกทั้งกรณีมีการบุกรุกที่ราชพัสดุทำให้รัฐสูญเสียที่ราชพัสดุโดยหากยินยอมให้ผู้บุกรุกเช่าแล้ว 
ในทางปฏิบัติเป็นไปได้ยากที่จะนำที่ราชพัสดุดังกล่าวกลับมาใช้ประโยชน์ในราชก"
FL-1108,ด้านประสิทธิภาพและความประหยัด อื่นๆ                                                                 ,องค์การบริหารส่วนจังหวัดมหาสารคาม,โครงการพัฒนาและบริหารจัดการระบบบริการแพทย์ฉุกเฉินจังหวัดร้อยเอ็ด และจังหวัดมหาสารคาม,2560,1.การดำเนินงานระบบบริการการแพทย์ฉุกเฉินขาดการบริหารจัดการโครงการ 2.อบจ.ร้อยเอ็ด ไม่มีการสำรวจความพร้อมของ,อบจ.ร้อยเอ็ด และ อบจ.มหาสารคาม ไม่มีการสำรวจความพร้อม ของ อปท.ที่ได้รับการสนับสนุนรถพยาบาลฉุกเฉิน,"   1.	เร่งรัดดำเนินการ ตามหนังสือสำนักตรวจเงินแผ่นดินจังหวัดมหาสารคาม 
ลับ ที่ 
ตผ 0049.4 มค/0409 ลงวันที่ 15 ธันวาคม 2559 เรื่อง 
การตรวจสอบการเช่ารถพยาบาลฉุกเฉินขององค์การบริหารส่วนจังหวัดมหาสารคาม
   2.อบจ.ร้อยเอ็ด ตรวจสอบข้อเท็จจริงกรณีมีการเบิกจ่ายค่","  1.เกิดความสูญเปล่าของการใช้จ่ายเงินตามโครงการ
  2.อบจ.ร้อยเอ็ด และ อบจ.มหาสารคาม ต้องมีภาระค่าใช้จ่าย
    ในการเช่ารถพยาบาลฉุกเฉิน ในระหว่างที่ อปท.ยังไม่ขึ้นทะเบียน
    ชุดปฏิบัติการ หรือขึ้นทะเบียนแล้วแต่ไม่มีการดำเนินการ
  3.ประชาชนเสียโอกาสที่จะได้ร"
FL-1109,ด้านประสิทธิภาพและความประหยัด อื่นๆ                                                                 ,สำนักงานคณะกรรมการคุ้มครองผู้บริโภค,การตรวจสอบการดำเนินงานการคุ้มครองผู้บริโภคของสำนักงานคณะกรรมการคุ้มครองผู้บริโภค,2560,ไม่สามารถบังคับให้ผู้ร้องเรียนหรือผู้ประกอบการที่ถูกร้องให้ข้อมูล ระบบการติดตามผลการดำเนินงานในปัจจุบันของ ไม่สามารถติดตามได้ว่าการแก้ไขปัญหา,การดำเนินงานคุ้มครองผู้บริโภคของ สคบ. บางส่วนขาดประสิทธิภาพ,"1. กำหนดแนวทางปฏิบัติในการเร่งรัดดำเนินการแก้ไขปัญหาเรื่องร้องเรียน
ที่คงค้างอยู่เป็นเวลานาน
2. พิจารณาปรับปรุงข้อมูลในระบบคุ้มครองผู้บริโภคแบบเบ็ดเสร็จ 
ให้เป็นปัจจุบันและครอบคลุมถึงเรื่องร้องเรียนในส่วนภูมิภาค และอำนวย
ความสะดวกต่อผู้ร้องและผู้ที่เกี่ยว","ผู้บริโภคที่ประสบปัญหาถูกเอารัดเอาเปรียบจากการซื้อสินค้าและบริการยังไม่ได้
รับการแก้ไขปัญหาอย่างทันท่วงที
การที่มีเรื่องร้องเรียนคงค้างอยู่จำนวนมากส่งผลกระทบต่อภาพลักษณ์ของ สคบ. 
ที่จะไม่สามารถเป็นองค์กรในการคุ้มครองผู้บริโภคได้อย่างแท้จริงในความรู้สึก
ขอ"
FL-1157,ด้านระเบียบข้อบังคับ กฎหมาย(มติครม.พ.ร.ก. ฯลฯ)                                                      ,สำนักงานจังหวัดสตูล,โครงการพัฒนาเมืองสตูล,2560,1.การกำหนดราคากลางที่สูงกว่าที่ควรจะเป็นเกิดจากคณะกรรมการกำหนดราคากลางนำค่าFactorFที่สูงกว่ามาใช้ในการคำนวณ 2.คกก.กำหนดราคากลางเป็นบุคคลภายนอกหน่วยงานที่รับผิดชอบดำเนินการจัดหาพัสดุ คกก.กำหนดราค,ราคากลางของโครงการพัฒนาเมืองสตูลสูงกว่าราคากลางที่คำนวณด้วยหลักเกณฑ์ตามมติคณะรัฐมนตรี,"เสนอแนะให้ ผวจ.สตูล พิจารณาดำเนินการ ดังนี้
ในการกำหนดราคากลางควรจัดให้มีระบบการควบคุมภายใน 
โดยให้มีผู้สอบทานการกำหนดราคากลางเพื่อให้เกิดความเชื่อมั่นได้ว่าคกก.กำหนดราคากลางได้กำหนดราคากลางเป็นไปตามหลักเกณฑ์ฯแล้วจึงพิจารณาอนุมัติให้ใช้ราคากลางที่ 
คกก.กำ","ส่งผลให้ทางราชการอนุมัติจ้าง จัดทำสัญญาจ้าง 
และจ่ายเงินค่าจ้างตามสัญญาจ้างสูงกว่าที่ควรจะเป็น เป็นเงิน 756,892.72 บาท
"
FL-1158,ด้านระเบียบข้อบังคับ กฎหมาย(มติครม.พ.ร.ก. ฯลฯ)                                                      ,สำนักงานธนารักษ์พื้นที่พิษณุโลก,การบริหารจัดการที่ราชพัสดุของสำนักงานธนารักษ์พื้นที่,2560,สำนักงานธนารักษ์พื้นที่ไม่ดำเนินการสำรวจตรวจสอบข้อมูลที่เกี่ยวข้องและจำเป็นต่อการบริหารจัดการที่ราชพัสดุ การกำหนดเป้าหมายกลยุทธ์และการวางแผนปฏิบัติงานโดยจัดทำประมาณการจัดเก็บรายได้ไม่สอดคล้องและไม่ตรงกับข้อเท็จจริง มิได้ให้ความสำคัญต่อภารกิจด้านบริหารที,พบว่าการจัดทำข้อมูลทางทะเบียนไม่ถูกต้องครบถ้วนและไม่ตรงกับสภาพข้อเท็จจริงของพื้นที่ จากการตรวจสอบการบริหารจัดการที่ราชพัสดุที่ใช้ประโยชน์ในราชการ และจากการตรวจสังเกตการณ์พบการบุกรุกฯ,"1. ให้เร่งรัดและดำเนินการจัดเก็บรายได้ 
จากการใช้ประโยชน์ในที่ราชพัสดุไม่ถูกต้องและจัดเก็บรายได้ต่ำไป 
ตามที่แจ้งไว้ตามผลกระทบให้ถูกต้องครบถ้วนโดยเร็ว 
และสั่งการให้มีการควบคุมดูแลไม่ให้เกิดข้อผิดพลาดขึ้นอีก
	2. 
ให้เร่งรัดและติดตามกรณีการบุกรุกที่ราชพัสด","ทำให้การจัดเก็บรายได้จากการใช้ประโยชน์ในที่ราชพัสดุต่ำไป รวมเป็นเงิน 
21,880,201.51 บาท 
อีกทั้งกรณีมีการบุกรุกที่ราชพัสดุทำให้รัฐสูญเสียที่ราชพัสดุโดยหากยินยอมให้ผู้บุกรุกเช่าแล้ว 
ในทางปฏิบัติเป็นไปได้ยากที่จะนำที่ราชพัสดุดังกล่าวกลับมาใช้ประโยชน์ในราชก"
FL-1159,ด้านระเบียบข้อบังคับ กฎหมาย(มติครม.พ.ร.ก. ฯลฯ)                                                      ,สำนักงานธนารักษ์พื้นที่พิษณุโลก,การบริหารจัดการที่ราชพัสดุของสำนักงานธนารักษ์พื้นที่,2560,สำนักงานธนารักษ์พื้นที่ไม่ดำเนินการสำรวจตรวจสอบข้อมูลที่เกี่ยวข้องและจำเป็นต่อการบริหารจัดการที่ราชพัสดุ การกำหนดเป้าหมายกลยุทธ์และการวางแผนปฏิบัติงานโดยจัดทำประมาณการจัดเก็บรายได้ไม่สอดคล้องและไม่ตรงกับข้อเท็จจริง มิได้ให้ความสำคัญต่อภารกิจด้านบริหารที,พบว่าการจัดทำข้อมูลทางทะเบียนไม่ถูกต้องครบถ้วนและไม่ตรงกับสภาพข้อเท็จจริงของพื้นที่ จากการตรวจสอบการบริหารจัดการที่ราชพัสดุที่ใช้ประโยชน์ในราชการ ข้อตรวจพบที่,"1. ให้เร่งรัดและดำเนินการจัดเก็บรายได้ 
จากการใช้ประโยชน์ในที่ราชพัสดุไม่ถูกต้องและจัดเก็บรายได้ต่ำไป 
ตามที่แจ้งไว้ตามผลกระทบให้ถูกต้องครบถ้วนโดยเร็ว 
และสั่งการให้มีการควบคุมดูแลไม่ให้เกิดข้อผิดพลาดขึ้นอีก
	2. 
ให้เร่งรัดและติดตามกรณีการบุกรุกที่ราชพัสด","ทำให้การจัดเก็บรายได้จากการใช้ประโยชน์ในที่ราชพัสดุต่ำไป รวมเป็นเงิน 
21,880,201.51 บาท 
อีกทั้งกรณีมีการบุกรุกที่ราชพัสดุทำให้รัฐสูญเสียที่ราชพัสดุโดยหากยินยอมให้ผู้บุกรุกเช่าแล้ว 
ในทางปฏิบัติเป็นไปได้ยากที่จะนำที่ราชพัสดุดังกล่าวกลับมาใช้ประโยชน์ในราชก"
FL-1160,ด้านระเบียบข้อบังคับ กฎหมาย(มติครม.พ.ร.ก. ฯลฯ)                                                      ,เทศบาลนครรังสิต,การก่อสร้างอาคารหอประชุม 100 ปี เมืองธัญญบูรี,2560,แต่เป็นโครงการที่เกิดขึ้นจากความต้องการของสมาชิกสภาองค์การบริหารส่วนจังหวัดปทุมธานีในเขตอำเภอธัญบุรีในขณะนั้น ไม่ได้มีการวิเคราะห์สภาพปัญหาหรือ โครงการก่อสร้างอาคารหอประชุมฯ,ตามแนวทางการจัดทำแผนพัฒนาท้องถิ่นและการจัดทำงบประมาณขององค์กร ข้อตรวจพบที่ ปกครองส่วนท้องถิ่นที่กำหนดไว้,"องค์การบริหารส่วนจังหวัดปทุมธานี 
ในฐานะเจ้าของงบประมาณก่อสร้างอาคารหอประชุม ๑๐๐ ปี เมืองธัญญบูรี 
 	๑.	
องค์การบริหารส่วนจังหวัดปทุมธานีควรให้ความสำคัญในการจัดทำแผนพัฒนา 
โดยสั่งการให้เจ้าหน้าที่ของแต่ละหน่วยงานที่รับผิดชอบในการจัดทำโครงการตามแผนพัฒนาองค","๑.	ทำให้การใช้จ่ายงบประมาณในการก่อสร้างอาคารหอประชุม ๑๐๐ ปี 
เมืองธัญญบูรี รวมจำนวน ๑๐๑.๖๖ ล้านบาท เกิดความไม่คุ้มค่า 
เพราะไม่ได้เป็นโครงการที่เกิดจากความต้องการของประชาชน 
และไม่ได้มีการพิจารณาถึงความเหมาะสมของสถานที่ก่อสร้าง 
ทำให้เกิดความไม่สะดวก  
ต่"
FL-1161,ด้านระเบียบข้อบังคับ กฎหมาย(มติครม.พ.ร.ก. ฯลฯ)                                                      ,เทศบาลนครรังสิต,การก่อสร้างอาคารหอประชุม 100 ปี เมืองธัญญบูรี,2560,โดยเฉพาะอย่างยิ่งกฎหมายการกระจายอำนาจที่มีส่วนในการกำหนดภารกิจขององค์กรปกครองส่วนท การจัดทำโครงการก่อสร้างอาคารหอประชุมฯ ขาดการวิเคราะห์ในมิติด้านความสัมพันธ์ระหว่างองค์กรปกครองส่วนท้องถิ่นและกฎหมาย,โดยได้เสนอขอรับการสนับสนุ กับอำนาจหน้าที่ในการจัดบริการสาธารณะขององค์การบริหารส่วนจังหวัด ข้อตรวจพบที่,"๑.	การดำเนินโครงการก่อสร้างอาคารหอประชุม ๑๐๐ ปี เมืองธัญญบูรี 
ขององค์การบริหารส่วนจังหวัดปทุมธานี 
เป็นการดำเนินการที่ไม่สอดคล้องกับอำนาจหน้าที่ตามพระราชบัญญัติองค์การบริหารส่วนจังหวัด 
พ.ศ.๒๕๔๐ ตามมาตรา ๔๕ (๘) ประกอบกับกฎกระทรวง (พ.ศ. ๒๕๔๑) (๑๒) 
และตาม","๑.	การจัดทำโครงการก่อสร้างอาคารหอประชุมฯ 
ขององค์การบริหารส่วนจังหวัดปทุมธานี 
ขาดการวิเคราะห์ในมิติด้านความสัมพันธ์ระหว่างองค์กรปกครองส่วนท้องถิ่นและกฎหมาย 
ที่เกี่ยวข้อง 
โดยเฉพาะอย่างยิ่งกฎหมายการกระจายอำนาจที่มีส่วนในการกำหนดภารกิจขององค์กรปกครองส่วนท"
FL-1162,ด้านระเบียบข้อบังคับ กฎหมาย(มติครม.พ.ร.ก. ฯลฯ)                                                      ,โครงการชลประทานตราด,การตรวจสอบการดำเนินงานโครงการสถานีสูบน้ำด้วยไฟฟ้าพร้อมระบบส่งน้ำของโครงการชลประทานตราด และอปท.จังหวัดตราด,2560,แนวทางการขอรับการสนับสนุนค่าไฟฟ้าจากกรมส่งเสริมการปกครองท้องถิ่น 2.เจ้าหน้าที่ที่เกี่ยวข้องกับการพัสดุและบัญชีไม่ทราบแนวทางในการปฏิบัติที่ถูกต้องเกี่ยวกับการบั อปท.ไม่ศ฿กษาแนวทางการบริหารจัดการเกี่ยวกับความรับผิดชอบค่าไฟฟ้า,2)ไม่มีการบันทึกทรัพย์สินที่รับถ่ายโอนเข้าทะเบียนทรัพย์สินและบันทึกมูลค่าทรัพย์สินในรายงานการเงิน 1)ไม่มีการสนับสนุนค่าไฟฟ้าแก่กลุ่มเกษตรกรผู้ใช้น้ำตามมติคณะรัฐมนตรี การบริหารจัดการสถานีสูบน้ำด้วยไฟฟ้า,"นายก อบต.ที่ได้รับการถ่ายโอน
1.ดำเนินการเกี่ยวกับการเก็บเงินค่าไฟฟ้าจากเกษตรกรผู้ใช้น้ำให้เป็นไปตามมติคณะรมต. 
2.ให้เจ้าหน้าที่ที่เกี่ยวข้องกับการพัสดุและบัญชีศึกษาแนวทางในการปฏิบัติที่ถูกต้องเกี่ยวกับการบันทึกทะเบียนทรัพย์สินและการบันทึกบัญชีในงบทรัพย์สิ","1.การไม่ให้การสนับสนุนค่าไฟฟ้าแก่กลุ่มผู้ใช้น้ำ 
โดยไม่เรียกเก็บจากเกษตรกรเพียงหน่วยละ 60 สตางคฺ์ 
ทำให้เกษตรกรผู้ใช้น้ำเสียโอกาสและไม่ได้รับความเป็นธรรมในการได้รับความช่วยเหลือจากภาครัฐ
2.เจ้าหน้าที่ที่เกี่ยวข้องกับการพัสดุและบัญชีไม่ทราบแนวทางในการปฏิบั"
FL-1163,ด้านระเบียบข้อบังคับ กฎหมาย(มติครม.พ.ร.ก. ฯลฯ)                                                      ,กรมที่ดิน,การดูดทรายในที่ดินของรัฐ แม่น้ำโขง,2560,รวมทั้งความไม่ชัดเจนในข้อกฎหมายเกี่ยวกับการดำเนินการกับผู้ประกอบการ และตรวจสอบการดูดทรายของหน่วยงานที่เกี่ยวข้องไม่มี ไม่มีการกำหนดผู้รับผิดชอบในการตรวจตรา,ผู้ที่ได้รับอนุญาตให้ดูดทรายหรือผู้ประกอบการไม่ปฏิบัติให้เป็นไปตามกฎหมาย และระเบียบที่เกี่ยวข้อง,"1.ให้รัฐมนตรีว่าการกระทรวงมหาดไทย ดังนี้
	1.1 พิจารณาทบทวนปรับปรุงระเบียบกระทรวงมหาดไทย ว่าด้วยการอนุญาตให้
ดูดทราย พ.ศ. 2546 ให้สอดคล้องกับสถานการณ์ปัจจุบัน โดยกำหนดให้มีผู้รับผิดชอบ
ตรวจตรา ควบคุม ดูแลให้การดำเนินการดูดทรายเป็นไปตามกฎหมายและระเบียบที่กำ","ทำให้ปรากฏว่า ผู้ที่ได้รับอนุญาตให้ดูดทรายมีการไม่ปฏิบัติตามเงื่อนไขการอนุญาต
ให้ดูดทราย และจากสภาพปัญหาที่มีผู้ประกอบกิจการโรงงานดูดทรายมีการใช้เครื่องจักร
ที่มีกำลังแรงม้าเกินกว่าที่ขออนุญาต และประกอบกิจการโรงงานดูดทรายโดยที่ใบอนุญาต
หมดอายุ
"
FL-1164,ด้านระเบียบข้อบังคับ กฎหมาย(มติครม.พ.ร.ก. ฯลฯ)                                                      ,กรมอุตสาหกรรมพื้นฐานและการเหมืองแร่,การตรวจสอบการดำเนินงานการจัดเก็บรายได้ค่าภาคหลวงแร่,2560,กระทรวงอุตสาหกรรมขาดการทบทวนปรับปรุงระเบียบและแนวปฏิบัติเกี่ยวกับแร่ที่ได้รับการยกเว้นตามมาตรา 103 ทวิ พ.ศ. 2531 ให้สอดคล้องกับภารกิจและบุคลากรของหน่วยงานที่รับผิดชอบในปัจจุบัน รวมทั้งขาดความชัดเจนในหน้าที่ความรับผิดชอบระหว่างหน่วยงานหลักที่เกี่ยวข้อง,ขาดการควบคุมตรวจสอบการประกอบกิจการเหมืองแร่ให้เป็นไปตามระเบียบ ตรวจสอบการประกอบกิจการเหมืองแร่ไม่เป็นไปตามกฎหมาย และสำนักงานพื้นฐานและการเหมืองแร่เขต,"     1. การควบคุม ตรวจสอบการประกอบกิจการเหมืองแร่ไม่เป็นไปตามกฎหมาย 
ระเบียบ
ที่กำหนด
      1.1 สั่งการให้อธิบดีกรมอุตสาหกรรมพื้นฐานและการเหมืองแร่ 
พิจารณาทบทวนระเบียบ
กรมทรัพยากรธรณีว่าด้วยการปฏิบัติเกี่ยวกับแร่ที่ได้รับการยกเว้นตามมาตรา 103 
ทวิ พ.ศ. 2","การควบคุม ตรวจสอบกิจการเหมืองแร่ไม่เป็นไปตามกฎหมาย ระเบียบที่กำหนด 
ส่งผลให้
ผู้ถือประทานบัตรอาจมีการทำเหมืองไม่เป็นไปตามเงื่อนไขการอนุญาตแนบท้ายประทานบัตร 
หรือมีการดำเนินการอื่นใดที่ไม่ถูกต้องตามกฎหมายและระเบียบที่เกี่ยวข้องกับการประกอบการเหมืองแร่ 
รวม"
FL-1176,ด้านระเบียบข้อบังคับ กฎหมาย(มติครม.พ.ร.ก. ฯลฯ)                                                      ,กรมประมง,การบริหารจัดการบึงบอระเพ็ด จังหวัดนครสวรรค์,2560,กรมประมงไม่มีการแต่งตั้งหรือมอบหมายเจ้าหน้าที่หรือหน่วยงานรับผิดชอบควบคุมดูแล ยึดถือและดำเนินการตามภารกิจหน้าที่และกฎหมายของหน่วยงานตนเองเป็นหลัก ไม่ตระหนักถึงความสำคัญหรือละเ,การดำเนินการในพื้นที่บึงบอระเพ็ดของหน่วยงานต่าง ๆ ไม่เป็นไปตามกฎหมายและ มติคณะรัฐมนตรีที่เกี่ยวข้อง,"ให้อธิบดีกรมประมง พิจารณาดำเนินการตามข้อเสนอแนะดังนี้
	1.สั่งการให้สำรวจอาคารหรือสิ่งปลูกสร้างของกรมประมงในพื้นที่บึงบอระเพ็ด 
โดยระบุประเภทและจำนวนอาคารหรือสิ่งปลูกสร้าง พร้อมทั้งระบุสภาพความพร้อมต่อการใช้
ประโยชน์ ให้ดำเนินการวางแผนการนำอาคารหรือสิ่งปลู","ทำให้มีประชาชนบุกรุกหรือครอบครองทำประโยชน์ในพื้นที่บึงบอระเพ็ด จำนวน 5,653 แปลง
รวมพื้นที่จำนวน 65,409 ไร่ 3 งาน 92 ตารางวา และหน่วยงานราชการต่าง ๆ มีการใช้
ประโยชน์พื้นที่บึงบอระเพ็ดอย่างไม่ถูกต้องตามกฎกระทรวงว่าด้วยหลักเกณฑ์และวิธีการ
ปกครอง ดูแล บำรุงร"
FL-1218,ด้านระเบียบข้อบังคับ กฎหมาย(มติครม.พ.ร.ก. ฯลฯ) อื่นๆ                                                ,สำนักงานธนารักษ์พื้นที่ขอนแก่น,การตรวจสอบการดำเนินงานการบริหารจัดการที่ราชพัสดุของสำนักงานธนารักษ์พื้นที่ขอนแก่น,2560,สาเหตุเนื่องจากการสำรวจข้อมูลเกี่ยวกับการบริหารจัดการที่ราชพัสดุยังไม่สมบูรณ์ ทำให้ระบบฐานข้อมูลทางทะเบียนไม่ถูกต้อง ในการบริหารจัดการที่ราชพัสดุได้อย่างเหมาะสม,การบริหารจัดการที่ราชพัสดุไม่เป็นไปตามกฎหมาย และระเบียบ,"   1.	กรณีการปฏิบัติไม่เป็นไปตามกฎหมาย ระเบียบและเงื่อนไขของสัญญา 
ทั้งการใช้ประโยชน์ในที่ราชพัสดุ การต่ออายุสัญญาเช่า 
การจัดเก็บค่าเช่าค้างชำระ ให้เร่งรัดดำเนินการให้ถูกต้องครบถ้วนโดยเร็ว 
และให้ผู้ใช้ที่ราชพัสดุจัดทำรายงานเกี่ยวกับการปกครอง ดูแล บำรุงร","  การบริหารจัดการที่ราชพัสดุไม่เป็นไปตามกฎหมาย และระเบียบ 
ทำให้สูญเสียรายได้จากค่าเช่า ค่าธรรมเนียม 
และค่าปรับที่ควรจะได้รับเพิ่มขึ้น การจัดเก็บรายได้ต่ำกว่าความเป็นจริง 
ส่งผลให้มีรายได้
ไม่เป็นไปตามที่รัฐควรจะได้รับ 
เสียโอกาสในการนำรายได้ดังกล่าวมาบร"
FL-1219,ด้านระเบียบข้อบังคับ กฎหมาย(มติครม.พ.ร.ก. ฯลฯ) อื่นๆ                                                ,กรมอุตสาหกรรมพื้นฐานและการเหมืองแร่,การตรวจสอบการดำเนินงานการจัดเก็บรายได้ค่าภาคหลวงแร่,2560,ตรวจสอบกระบวนการจัดเก็บค่าภาคหลวงแร่หินอุตสาหกรรมเพื่ออุตสาหกรรมก่อสร้างให้เป็นไปตามกฎหมายและระเบียบที่เกี่ยวข้อง ขาดการเชื่อมโยงข้อมูลสำคัญเพื่อใช้เป็นแนวทางในการตรวจสอบความถูกต้อง กรมอุตสาหกรรมพื้นฐานและการเหมืองแร่ไม่มีแนวทางการติดตาม,สำนักงานอุตสาหกรรมจังหวัดที่ตรวจสอบทั้งหมดจัดเก็บค่าภาคหลวงแร่หินอุตสาหกรรมเพื่ออุตสาหกรรมก่อสร้างไม่เป็นไปตามพระราชบัญญ การจัดเก็บค่าภาคหลวงแร่หินอุตสาหกรรมเพื่ออุตสาหกรรมก่อสร้างไม่เป็นไปตามกฎหมาย จากการตรวจสอบพบว่า,"    2. 
การจัดเก็บค่าภาคหลวงแร่หินอุตสาหกรรมเพื่ออุตสาหกรรมก่อสร้างไม่เป็นไปตามกฎหมาย 
ระเบียบที่กำหนด
     2.1 สั่งการให้อธิบดีกรมอุตสาหกรรมพื้นฐานและการเหมืองแร่ 
พิจารณาดำเนินการ
ในเรื่องดังต่อไปนี้
      1) กำหนดและมอบหมายให้มีหน่วยงานที่รับผิดชอบเรื่","ผู้ถือประทานบัตรขาดวินัยในการมาชำระค่าภาคหลวงแร่ 
และรัฐได้รับค่าภาคหลวงแร่เพื่อนำส่งเป็นรายได้แผ่นดินล่าช้า 
รวมทั้งส่งผลให้ขาดกระบวนการ
ในการควบคุมตรวจสอบปริมาณแร่ที่ผู้ถือประทานบัตรขอชำระค่าภาคหลวง 
และผู้ถือประทานบัตร
อาจลักลอบขนแร่ออกจากเขตเหมืองแร่ "
FL-1228,ด้านระเบียบข้อบังคับ กฎหมาย(มติครม.พ.ร.ก. ฯลฯ) อื่นๆ                                                ,กรุงเทพมหานคร,การตรวจสอบการดำเนินงานการบังคับใช้กฎหมายควบคุมอาคารในเขตกรุงเทพมหานคร,2560,กทม. ยังไม่มีมาตรการดำเนินการกับเจ้าของอาคารที่มีการเพิกเฉย ไม่ยื่นรายงานตรวจสอบสภาพอาคาร,,"1. 
กำหนดมาตรการและดำเนินการให้เป็นไปตามกฎหมายอย่างเคร่งครัดกับเจ้าของอาคารที่
เพิกเฉยไม่ยื่นรายงานตรวจสอบสภาพอาคาร
2. เร่งสำรวจอาคารที่ก่อสร้างแล้วเสร็จตั้งแต่ปี พ.ศ. 2555 ถึงปัจจุบัน 
และตรวจสอบการยื่นรายงานตรวจสอบสภาพอาคาร หากพบการไม่ปฏิบัติตามกฎหมาย 
","ก่อให้เกิดความเสี่ยงที่อาจส่งผลต่อความไม่ปลอดภัยในชีวิตและทรัพย์สินของประชาชน
ที่อยู่อาศัยหรือใช้บริการอาคาร

"
FL-1229,ด้านระเบียบข้อบังคับ กฎหมาย(มติครม.พ.ร.ก. ฯลฯ) อื่นๆ                                                ,กรมที่ดิน,การบริหารจัดการระบบเทคโนโลยีสารสนเทศและการสื่อสาร,2560,ปฏิบัติการใช้ห้องเซิร์ฟเวอร์ที่กรมที่ดินกำหนดอย่างเคร่งครัดโดยทันที 1.เจ้าหน้าที่ของสำนักงานที่ดินบางแห่งไม่ให้ความสำคัญที่จะถือปฏิบัติตามแนวทาง 2.เจ้าหน้าที่ของสำนักงานที่ดินส่วนใหญ่ไม่มีความเข้าใจในแนวทางปฏิบัติที่,การใช้ห้องเซิร์ฟเวอร์ในสำนักงานที่ดินไม่เป็นไปตามแนวทางปฏิบัติที่กรมที่ดินกำหนด,"ให้อธิบดีกรมที่ดินพิจารณาดำเนินการสั่งการให้หน่วยงานที่เกี่ยวข้องซักซ้อมความเข้า
ใจในแนวทางปฏิบัติการใช้ห้องเซิร์ฟเวอร์ในสำนักงานที่ดิน เพื่อให้ถือปฏิบัติได
้อย่างถูกต้องเป็นไปในทิศทางเดียวกัน และกำชับสำนักงานที่ดิน ควบคุม กำกับดูแล 
ผู้มีหน้าที่รับผิดชอบ","อาจทำให้ระบบคอมพิวเตอร์และอุปกรณ์ที่อยู่ในห้องเซิร์ฟเวอร์เกิดความเสียหาย และส่ง
ผลกระทบต่อฐานข้อมูลของกรมที่ดิน และส่งผลกระทบต่อการให้การบริการประชาชน
"
FL-1230,ด้านระเบียบข้อบังคับ กฎหมาย(มติครม.พ.ร.ก. ฯลฯ) อื่นๆ                                                ,กรมป้องกันและบรรเทาสาธารณภัย,การตรวจสอบการดำเนินงานการบริหารจัดการเครื่องจักรกล ยานพาหนะเพื่อใช้สนับสนุนการปฏิบัติงานบรรเทาและฟื้นฟูสาธารณภัย,2560,ผู้อำนวยการศูนย์ป้องกันและบรรเทาสาธารณภัยเขตไม่สั่งการให้เจ้าหน้าที่ผู้เกี่ยวข้องปฏิบัติตามแนวปฏิบัติที่กำหนดอย่างครบถ้วน รวมทั้งกรมป้องกันและบรรเทาสาธารณภัยขาดการควบคุม การดำเนินงานการของศูนย์,ศูนย์ป้องกันและบรรเทาสาธารณภัยเขตไม่ได้ปฏิบัติตามแนวทางการปฏิบัติงานของชุดเผชิญสถานการณ์วิกฤต เขตไม่มีการปรับเปลี่ยนสังกัดการปฏิบัติหน้าที่ของชุดเผชิญสถานการณ์วิกฤต ERT)จากการตรวจสอบพบว่า,"1.กำหนดให้มีหน่วยงานที่รับผิดชอบติดตาม ตรวจสอบ การดำเนินงานของศูนย์ ปภ. 
เขตอย่างต่อเนื่อง เพื่อทราบถึงปัญหา และอุปสรรคในการปฏิบัติตามกฎหมาย 
ระเบียบและแนวปฏิบัติที่กำหนด 
2.กำหนดระยะเวลาในการเตรียมความพร้อมด้านเครื่องจักรกล ยานพาหนะ 
และเครื่องมือ อุปกรณ","ทำให้การสนับสนุนการปฏิบัติงานบรรเทา
สาธารณภัยได้ไม่เต็มประสิทธิภาพ 
และประชาชนหรือผู้ประสบภัยอาจไม่ได้รับความช่วยเหลือได้ทันท่วงที 
"
FL-1234,ด้านระเบียบข้อบังคับ กฎหมาย(มติครม.พ.ร.ก. ฯลฯ) อื่นๆ                                                ,กรมประมง,การบริหารจัดการบึงบอระเพ็ด จังหวัดนครสวรรค์,2560,สำคัญกับการดำเนินการพัฒนาและการแก้ไขปัญหาในพื้นที่บึงบอระเพ็ด คณะกรรมการฟื้นฟู จังหวัดนครสวรรค์,คณะกรรมการฟื้นฟู อนุรักษ์ และพัฒนาบึงบอระเพ็ด จังหวัดนครสวรรค์ ไม่ปฏิบัติตาม อำนาจหน้าที่ที่กำหนด,"ให้อธิบดีกรมประมง พิจารณาดำเนินการในฐานะเลขานุการคณะกรรมการฟื้นฟู อนุรักษ์ 
และพัฒนาบึงบอระเพ็ด จังหวัดนครสวรรค์ นำเสนอคณะกรรมการฟื้นฟู อนุรักษ์ และพัฒนา
บึงบอระเพ็ด จังหวัดนครสวรรค์ ให้จัดการประชุมคณะกรรมการฯ อย่างต่อเนื่องเพื่อ
กำหนดนโยบายและแนวทางการพั","การดำเนินงานของหน่วยงานต่าง ๆ ในพื้นที่ยังขาดทิศทางและขาดการบูรณาการอย่างเป็น
รูปธรรม 
"
FL-1322,ดำเนินงานซ้ำซ้อนกับหน่วยงานอื่น                                                                     ,องค์การบริหารส่วนจังหวัดปทุมธานี,โครงการจ้างเหมารถรับส่งนักเรียนของโรงเรียนในสังกัดองค์การบริหารส่วนจังหวัดปทุมธานี,2560,ขาดการควบคุมให้เป็นไปตามมาตรฐานและระบบการศึกษาของชาติ แต่ในทางปฏิบัติไม่มีหน่วยงานที่เข้ามาควบคุมติดตา มีการกำหนดหลักเกณฑ์ในการดำเนินการไว้ค่อนข้างชัดเจน,เป็นการเบิกจ่ายเงินโดยไม่มีระเบียบให้เบิกจ่ายได้ องค์การบริหารส่วนจังหวัดมีอำนาจและหน้าที่ในการส่งเสริมการศึกษา และไม่สอดคล้องกับนโยบายการจัดการศึกษาของชาติ,"๑.	การดำเนินโครงการจ้างเหมารถรับ - ส่งนักเรียน 
ขององค์การบริหารส่วนจังหวัดปทุมธานี 
สำนักงานการตรวจเงินแผ่นดินพิจารณาแล้วเห็นว่า 
มิใช่ภารกิจด้านการศึกษาตามพระราชบัญญัติการศึกษาแห่งชาติ พ.ศ. ๒๕๔๒ มาตรา ๔ 
และดำเนินการไม่ตรงกับกรณีหนังสือหารือที่เกี่ยวข้อ","๑.	ทำให้ราชการต้องสูญเสียงบประมาณ จำนวน 134.58 ล้านบาท โดยไม่จำเป็น 
เนื่องจากรัฐได้มีการจัดสร้างโรงเรียนไว้ในเขตพื้นที่บริการเพื่อรองรับนักเรียนในพื้นที่อยู่แล้ว          
แต่องค์การบริหารส่วนจังหวัดปทุมธานี 
ได้นำเงินงบประมาณไปใช้ในการจัดทำโครงการจ้างเห"
FL-1332,ประโยชน์ที่ได้จากโครงการไม่คุ้มกับเวลาและค่าใช้จ่ายที่เสียไป                                        ,อุทยานแห่งชาติทะเลบัน จ.สตูล,โครงการพัฒนาแหล่งท่องเที่ยวอุทยานแห่งชาติทะเลบันปีงบประมาณ 2558,2560,สาเหตุของข้อตรวจพบที่1.1 1.ขาดการประชาสัมพันธ์ให้เข้าถึงกลุ่มเป้าหมายโดยตรง ซึ่งเป็นหน่วยงานที่ต้องการใช้สถานที่เพื่อจัดการประชุม อบรม สัมนา หรือเข้าค่ายพักแรม และเป็นกลุ่มผู้ใช้บริการที่มีแนวโน้มจะกลับมาใช้บริการอีก 2.เนื่องจากอยู่ระหว่างการดำเนินการจ,1.1การใช้ประโยชน์จากค่ายเยาวชนและบ้านพักนักท่องเที่ยวยังไม่สอดคล้องกับศักยภาพกิจกรรมสิ่งก่อสร้างของโครงการ ข้อตรวจพบที่1การใช้ประโยชน์จากโครงการยังไม่คุ้มค่า ครุภัณฑ์โครงการบางส่วนไม่อยู่ในสภาพพร้อมใช้งาน,"ข้อเสนอแนะถึงผวจ.สตูล
สั่งการและติดตามให้เจ้าหน้าที่ที่รับผิดชอบดำเนินการแจ้งให้ผู้รับจ้างซ่อมแซมแก้ไขวัสดุ 
ครุภัณฑ์ของโครงการที่ชำรุดเสียหายภายในกำหนดระยะเวลาความรับผิดชอบในความชำรุดบกพร่องของงานจ้างตามสัญญาจ้าง

ข้อเสนอแนะถึงหัวหน้าอุทยานแห่งชาติทะเลบั","ผลกระทบจากข้อตรวจพบ1.1
1.การใช้ประโยชน์จากค่ายเยาวชนและบ้านพักนักท่องเที่ยวยังไม่เต็มศักยภาพ 
ทำให้เกิดความไม่คุ้มค่าของงปม.จากกิจกรรมก่อสร้างค่ายพักเยาวชนชาย-หญิง 
พร้อมห้องน้ำชาย-หญิง อาคารอเนกประสงค์ โรงอาหาร จำนวน 1 แห่ง งปม. 
7,141,600.00 บาท และกิจก"
FL-1333,ประโยชน์ที่ได้จากโครงการไม่คุ้มกับเวลาและค่าใช้จ่ายที่เสียไป                                        ,สำนักงานจังหวัดพัทลุง,โครงการพัฒนาอุตสาหกรรมการท่องเที่ยวเชิงอนุรักษ์เข้มแข็งเพื่อเข้าสู่ประชาคมอาเซียนปีงบประมาณพ.ศ.2557-2558จังหวัดพัทลุง,2560,หน่วยงาสนผู้เสนอโครงการขาดการศึกษาวิเคราะห์เพื่อประเมินความเหมาะสมและความเป็นไปได้ก่อนเสนอโครงการ เนื่องจากไม่มีการสำรวจหรือสอบถามความต้องการของกลุ่มเป้าหมายและขาดการติดตามประเม ินผลการการใช้ประโยชน์,วัสดุอุปกรณ์และสิ่งก่อสร้่างที่ได้รับการสนับสนุนไม่ได้ใช้ประโยชน์ กิจกรรมการพัฒนาหมู่บ้านท่องเที่ยว งานก่อสร้างอาคารบริการนักท่องเที่ยวไม่ได้ใช้ประโยชน์,"1.ให้มีการพิจารณาวิธีการหรือรูปแบบการบริหารจัดการให้มีการใช้ประโยชน์ชั้นเหล็ก
วางสินค้าเพื่อเกิดความคุ้มค่าของงบประมาณ 
2.ในโอกาสต่อไปการเสนอโครงการควรศึกษาความเป็นไปได้ มีการสำรวจความต้องการ 
ตามเหมาะสมที่ถูกต้องครบถ้วนตามความเป็นจริง 
เพื่อป้องกันผลกระท","กลุ่มเป้าหมายเสียโอกาสจากการใช้ประโยชน์และอาจส่งผลให้การใช้จ่ายเงินงบประมาณไม่
คุ้มค่า 
"
FL-1334,ประโยชน์ที่ได้จากโครงการไม่คุ้มกับเวลาและค่าใช้จ่ายที่เสียไป                                        ,เทศบาลเมืองเดชอุดม,โครงการการบริหารจัดการขยะมูลฝอยของเทศบาลนครอุบลราชธานีและเทศบาลเมืองเดชอุดม,2560,เพื่อก่อสร้างระบบกำจัดขยะของเทศบาลฯ การคัดเลือกพื้นที่น้ำท่วมซ้ำซาก หรือหากปรับปรุงแก้ไขจะต้องใช้งบประมาณจำนวนมากเพื่อดำเนินการ,ข้อตรวจพบที่ 1 การก่อสร้างบ่อกำจัดขยะมูลฝอยของเทศบาลนครอุบลราชธานี ไม่สามารถใช้ประโยชน์ได้และสิ่งก่อสร้างชำรุดสูญหาย,"เพื่อประโยชน์ของทางราชการ จึงเห็นควรแจ้งให้ผู้ว่าราชการจังหวัดอุบลราชธานี 
และนายกเทศมนตรีนครอุบลราชธานีดำเนินการ ดังนี้
		1. ผู้ว่าราชการจังหวัดอุบลราชธานี 
ดำเนินการแต่งตั้งคณะกรรมการเพื่อแก้ไขปัญหาของโครงการฯ 
โดยให้หน่วยงานและประชาชนในพื้นที่ได้มีส่วน","1. ทำให้รัฐสูญเสียงบประมาณเนื่องจากไม่ได้ใช้ประโยชน์จากสิ่งก่อสร้าง 
จำนวนเงินทั้งสิ้น 75,240,000.00 บาท 
ประกอบด้วยงบประมาณค่าจ้างบริษัทที่ปรึกษาออกแบบ จำนวนเงิน 2,980,000.00 บาท 
และงบประมาณค่าก่อสร้างบ่อกำจัดขยะมูลฝอย จำนวนเงิน 72,260,000.00 บาท
	2. เท"
FL-1335,ประโยชน์ที่ได้จากโครงการไม่คุ้มกับเวลาและค่าใช้จ่ายที่เสียไป                                        ,เทศบาลเมืองเดชอุดม,โครงการการบริหารจัดการขยะมูลฝอยของเทศบาลนครอุบลราชธานีและเทศบาลเมืองเดชอุดม,2560,เพื่อก่อสร้างระบบกำจัดขยะของเทศบาลฯ การคัดเลือกพื้นที่น้ำท่วมซ้ำซาก หรือหากปรับปรุงแก้ไขจะต้องใช้งบประมาณจำนวนมากเพื่อดำเนินการ,ข้อตรวจพบคือ การก่อสร้างบ่อกำจัดขยะมูลฝอยของเทศบาลนครอุบลราชธานี ไม่สามารถใช้ประโยชน์ได้และสิ่งก่อสร้างชำรุดสูญหาย,"เพื่อประโยชน์ของทางราชการ จึงเห็นควรแจ้งให้ผู้ว่าราชการจังหวัดอุบลราชธานี 
และนายกเทศมนตรีนครอุบลราชธานีดำเนินการ ดังนี้
		1. ผู้ว่าราชการจังหวัดอุบลราชธานี 
ดำเนินการแต่งตั้งคณะกรรมการเพื่อแก้ไขปัญหาของโครงการฯ 
โดยให้หน่วยงานและประชาชนในพื้นที่ได้มีส่วน","1. ทำให้รัฐสูญเสียงบประมาณเนื่องจากไม่ได้ใช้ประโยชน์จากสิ่งก่อสร้าง 
จำนวนเงินทั้งสิ้น 75,240,000.00 บาท 
ประกอบด้วยงบประมาณค่าจ้างบริษัทที่ปรึกษาออกแบบ จำนวนเงิน 2,980,000.00 บาท 
และงบประมาณค่าก่อสร้างบ่อกำจัดขยะมูลฝอย จำนวนเงิน 72,260,000.00 บาท
	2. เท"
FL-1337,ประโยชน์ที่ได้จากโครงการไม่คุ้มกับเวลาและค่าใช้จ่ายที่เสียไป                                        ,กรมอุตุนิยมวิทยา,การพัฒนาและบำรุงรักษาเครื่องมือตรวจวัดและพยากรณ์อากาศ กรมอุตุนิยมวิทยา กระทรวงเทคโนโลยีสารสนเทศและการสื่อสาร,2560,อื่นที่มีการติดตั้งโดยสามารถตรวจวัดและให้ข้อมูล ของเครื่องมืออุปกรณ์ที่ใช้งานในภารกิจของหน่วยงาน มีการติดตั้งเครื่องมือลักษณะเดียวกันในสถานีอื่น,การบริหารการใช้ประโยชน์เครื่องมือตรวจวัดบางรายการที่อาจเกิดความไม่คุ้มค่า และเครื่องมือตรวจวัดบางรายการไม่ได้ใช้ประโยชน์ตามวัตถุประสงค์,"1.ให้มีการสำรวจ ประเมินผลการใช้ประโยชน์ หรือสถานะการใช้งาน ณ 
ปัจจุบันของเครื่องมือตรวจวัดและพยากรณ์อากาศทุกประเภทที่อยู่ภายใต้ความรับผิดชอบ
ของสำนักในส่วนกลาง ศูนย์อุตุนิยมวิทยาภาค และสถานีอุตุนิยมวิทยาทุกแห่ง 
เพื่อทราบถึงรายการ จำนวน การใช้ประโยชน์ตามว","1.เกิดความไม่คุ้มค่าของการใช้จ่ายเงินงบประมาณแผ่นดินที่มีการลงทุนจัดซื้อ
เครื่องมือแต่ไม่ได้ใช้ประโยชน์ตามวัตถุประสงค์ หรือไม่เกิดประโยชน์ในเชิงภารกิจ
ของกรมอุตุนิยมวิทยาอย่างแท้จริง รวมมูลค่าไม่น้อยกว่า 7.18 ล้านบาท
2.ทำให้การใช้ทรัพยากรไม่มีประสิทธิภาพ "
FL-1388,ผลการตรวจสอบการดำเนินงานด้านอื่น ๆ                                                                  ,ที่ทำการปกครองจังหวัดสตูล,โครงการพัฒนาการท่องเที่ยวเชิงนิเวศ ป่า เขา และประวัติศาสตร์ปีงบประมาณ 2557,2560,1.จ.สตูลไม่ให้ความสำคัญกับข้อเสนอโครงการพัฒนาศักยภาพการท่องเที่ยวเชิงนิเวศ ป่าเขาและประวัติศาสตร์ ที่กำหนดให้องค์กรปกครองส่วนท้องถิ่นเป็นผู้ดูแล บำรุงรักษา และซ่อมแซมให้อยู่ในสภาพพร้อมใช้งาน และบริหารจัดการแหล่งท่องเที่ยวที่รับผิดชอบอย่างเป็นระบบ 2.ทรั,ทรัพย์สินในโครงการพัฒนาศักยภาพการท่องเที่ยวเชิงนิเวศ ป่าเขาและประวัติศาสตร์ยังไม่โอนให้องค์กรปกครองส่วนท้องถิ่นที่ดูแลใช้ประโยชน์,"ผวจ.สตูล เห็นควรดำเนินการดังนี้
1.สำรวจความชำรุด เสียหาย 
ของทรัพย์สินในโครงการพัฒนาศักยภาพการท่องเที่ยวเชิงนิเวศ 
ป่าเขาและประวัติศาสตร์ เพื่อดำเนินการซ่อมแซม ดูแล บำรุงรักษา 
ให้อยู่ในสภาพพร้อมใช้งาน
2.ดำเนินการเร่งรัดผู้รับจ้างให้ซ่อมแซมแก้ไขทรัพย์สินท","อบต.ปาล์มพัฒนาและอบต.ทุ่งหว้าไม่สามารถดูแลรักษาซ่อมแซมให้อยู่ในสภาพที่สามารถใช้งานได้อย่างทันท่วงทีและไม่สามารถบริหารจัดการแหล่งท่องเที่ยวที่ดูแลและใช้ประโยชน์อย่างเป็นระบบ
"
FL-1389,ผลการตรวจสอบการดำเนินงานด้านอื่น ๆ                                                                  ,เทศบาลเมืองเดชอุดม,โครงการการบริหารจัดการขยะมูลฝอยของเทศบาลนครอุบลราชธานีและเทศบาลเมืองเดชอุดม,2560,,ซึ่งไม่เป็นไปตามสัญญาจ้างที่ปรึกษาโครงการศึกษาความเหมาะสมระบบกำจัดขยะมูลฝอยในเขตเ เพื่อใช้เป็นข้อมูลในการออกแบบระบบบ่อฝังกลบขยะมูลฝอยของเทศบาลเมืองเดชอุดม ไม่สำรวจความคิดเห็นของประชาชนต่อโครงการ,"การสำรวจความคิดเห็นของประชาชนไม่ถูกต้อง 
เห็นควรแจ้งให้ผู้ว่าราชการจังหวัดอุบลราชธานี พิจารณาดำเนินการ ดังนี้
1. พิจารณาดำเนินการลงโทษคณะกรรมการตรวจงานจ้าง 
กรณีตรวจรับงานจ้างไม่ครบถ้วนตามสัญญาจ้างที่ปรึกษา สัญญาเลขที่ 1/2550 
เมื่อวันที่ 10 มกราคม 2550 ว",
FL-1510,ผลการตรวจสอบด้านอื่น ๆ                                                                              ,อุทยานแห่งชาติทะเลบัน จ.สตูล,โครงการพัฒนาแหล่งท่องเที่ยวอุทยานแห่งชาติทะเลบันปีงบประมาณ 2558,2560,ผู้ควบคุมงานไม่ได้ระบุรายละเอียดวัสดุงานสุขภัณฑ์ในแต่ละกิจกรรมให้ชัดเจน เกิดจากความบกพร่องในขั้นตอนการควบคุมงาน,วัสดุงานสุขภัณฑ์โครงการมีให้ตรวจสอบไม่ครบถ้วนและบางส่วนไม่เป็นไปตามแบบรูปรายการ,"ข้อเสนอแนะถึงผวจ.สตูล
สั่งการและติดตามให้ผู้รับจ้างปรับปรุงแก้ไขให้ตรงตามแบบรูปรายการ

ข้อเสนอแนะถึงหัวหน้าอุทยานแห่งชาติทะเลบัน
เร่งเสนอเรื่องต่อผวจ.เพื่อดำเนินการแจ้งให้ผู้รับจ้างปรับปรุงแก้ไขให้ตรงตามแบบรูปรายการเนื่องจากยังอยู่ในระยะเวลาประกัน
","1.กรณีวัสดุงานครุภัณฑ์โครงการมีให้ตรวจสอบไม่ครบถ้วนตามแบบรูปรายการ 
ทำให้เสียค่าใช้จ่ายจริงสูงกว่าวัสดุที่ติดตั้ง
2.กรณีวัสดุงานสุขภัณฑ์โครงการไม่เป็นไปตามแบบรูปรายการ 
ส่งผลต่อคุณภาพและประโยชน์ในการใช้สอยตามวัตถุประสงค์ในการออกแบบแบบรูปรายการละเอียด
"
FL-1511,ผลการตรวจสอบด้านอื่น ๆ                                                                              ,ที่ทำการปกครองจังหวัดสตูล,โครงการพัฒนาการท่องเที่ยวเชิงนิเวศ ป่า เขา และประวัติศาสตร์ปีงบประมาณ 2557,2560,1.ในกรณีที่ทรัพย์สินอยู่ในเงื่อนไขการประกันของผู้รับจ้าง 2.ในกรณีที่ทรัพย์สินไม่อยู่ในเงื่อนไขการประกันของผู้รับจ้าง ที่ทำการปกครองจังหวัดสตูลซึ่งเป็นผู้จัดทำโครงการพัฒนาศั,ทรัพย์สินในโครงการพัฒนาศักยภาพการท่องเที่ยวเชิงนิเวศ ป่าเขาและประวัติศาสตร์บางรายการอยู่ในสภาพชำรุด เสียหาย/ไม่เหมาะสมกับการใช้ประโยชน์,"ผวจ.สตูล เห็นควรดำเนินการดังนี้
1.สำรวจความชำรุดเสียหายของทรัพย์สินในโครงการฯเพื่อดำเนินการซ่อมแซม ดูแล 
บำรุงรักษาให้อยู่ในสภาพพร้อมใช้งาน
2.เร่งรัดผู้รับจ้างให้ซ่อมแซมแก้ไขทรัพย์สินที่ชำรุดเสียหายให้เป็นไปตามสัญญา
3.โอนทรัพย์สินจากโครงการพัฒนาศักยภาพการ","1.ทำให้เกิดความสูญเปล่าของงบประมาณแผ่นดินประมาณ 2,586,996.00 บาท 
ซึ่งเป็นทรัพย์สินที่ไม่ได้ใช้ประโยชน์ 
เพื่ออำนวยความสะดวกและสร้างความประทับใจให้กับนักท่องเที่ยว
2.ทำให้เกิดความไม่ปลอดภัยในการใช้ทรัพย์สินที่ชำรุดเสียหาย เช่น โป๊ะ 
เป็นต้น 
หรือขาดอุปกรณ"
FL-1512,ผลการตรวจสอบด้านอื่น ๆ                                                                              ,สำนักงานเกษตรจังหวัดนครสวรรค์,การตรวจสอบดำเนินงาน กิจกรรมตามภารกิจหน้าที่ของสำนักงานเกษตรจังหวัดนครสวรรค์และสำนักงานเกษตรจังหวัดกำแพงเพชร,2560,ศพก.ไม่สามารถดำเนินการให้เป็นไปตามแผนงานตั้งแต่ปีงบประมาณ และยังไม่บรรลุผลสำเร็จตามวัตถุประสงค์เท่าที่ควรก่อให้เกิดผลกระทบ ทำให้องค์ความรู้ที่โดดเด่นของเกษตรกรต้นแบบบางราย,การดำเนินการของศูนย์เรียนรู้การเพิ่มประสิทธิภาพการผลิตสินค้าเกษตรยังไม่บรรลุผลสำเร็จตามวัตถุประสงค์ที่กรมส่งเ การดำเนินการของศูนย์เรียนรู้การเพิ่มประสิทธิภาพการผลิตสินค้าเกษตรยังไม่เป็นไปตามแผนงานที่กรมส่งเสริมการเกษตรกำหนด 1,"เพื่อให้การดำเนินการศูนย์เรียนรู้การเพิ่มประสิทธิภาพการผลิตสินค้าเกษตรเป็นไปอย่างมีประสิทธิภาพและประสิทธิผลมากยิ่งขึ้น 
สำนักงานการตรวจเงินแผ่นดินมีข้อเสนอแนะให้เกษตรอำเภอ เกษตรจังหวัด 
และผู้ว่าราชการจังหวัดพิจารณาดำเนินการ ดังนี้



เกษตรอำเภอ
1. ให้ศูน","การดำเนินการของศูนย์เรียนรู้การเพิ่มประสิทธิภาพการผลิตสินค้าเกษตร 
ไม่เป็นไปตามแผนงานที่กรมส่งเสริมการเกษตรที่กำหนด 
และยังไม่บรรลุวัตถุประสงค์ที่กรมส่งเสริมการเกษตรเท่าที่ควร 
มีสาเหตุที่สำคัญมาจาก
1. การประชาสัมพันธ์ข้อมูลข่าวสารของ ศพก. 
และความรู้ความ"
FL-1513,ผลการตรวจสอบด้านอื่น ๆ                                                                              ,เทศบาลเมืองเดชอุดม,โครงการการบริหารจัดการขยะมูลฝอยของเทศบาลนครอุบลราชธานีและเทศบาลเมืองเดชอุดม,2560,,การก่อสร้างบางรายการไม่เป็นไปตามแบบรูปรายการและเงื่อนไขสัญญาจ้าง พบว่ามีการก่อสร้างบางรายการไม่เป็นไปตามแบบรูปรายการและเงื่อนไขสัญญาจ้าง จากการตรวจสอบสังเกตการณ์งานก่อสร้างตามสัญญาจ้างก่อสร้างฯ,"นายกเทศบาลเมืองเดชอุดมพิจารณาดำเนินการก่อนที่เทศบาลเมืองเดชอุดมจะตรวจรับงานจ้างงวดสุดท้าย 
โดยให้กำชับช่างควบคุมงาน 
คณะกรรมการตรวจการจ้างดำเนินการให้เป็นไปตามระเบียบกระทรวงมหาดไทยว่าด้วยการพัสดุของหน่วยการบริหารราชการส่วนท้องถิ่น 
พ.ศ. 2535 และที่แก้ไขเพ",
FL-1515,ผลการตรวจสอบด้านอื่น ๆ                                                                              ,สำนักงานคณะกรรมการคุ้มครองผู้บริโภค,การตรวจสอบการดำเนินงานการคุ้มครองผู้บริโภคของสำนักงานคณะกรรมการคุ้มครองผู้บริโภค,2560,ยังไม่มีแผนงาน/แนวทางในการส่งเสริมสนับสนุนให้คณะอนุกรรมการคุ้มครอง และคณะอนุกรรมการคุ้ วิธีการประชาสัมพันธ์ความรู้ของ,ประชาชนยังไม่มีความรู้ความเข้าใจในสิทธิของผู้บริโภค,"ตามข้อเสนอแนะที่ 1
","การที่ประชาชนยังขาดความรู้ความเข้าใจในสิทธิของผู้บริโภค 
ไม่ตระหนักถึงสิทธิในฐานะผู้บริโภคเมื่อถูกเอารัดเอาเปรียบจากการซื้อสินค้า
และบริการ รวมถึงไม่ได้รับรู้ข้อมูลข่าวสาร
ที่เกี่ยวข้องกับการคุ้มครองบริโภค 
ส่งผลให้ประชาชนต้องถูกผู้ประกอบธุรกิจเอารัดเอาเป"
FL-1730,ผลที่ได้จากโครงการไม่ตรงกับความต้องการของประชาชน                                                    ,เทศบาลเมืองเดชอุดม,โครงการการบริหารจัดการขยะมูลฝอยของเทศบาลนครอุบลราชธานีและเทศบาลเมืองเดชอุดม,2560,หน่วยงานของรัฐขาดการเตรียมความพร้อมด้านการมีส่วนร่วมก่อนที่จะคัดเลือกพื้นที่เพื่อกำจัดขยะมูลฝอย การจัดตั้งกลุ่มอาสาสมัครสิ่งแวดล้ องค์การบริหารส่วนตำบลกลาง,ข้อตรวจพบที่ 1 ประชาชนในพื้นที่ส่วนใหญ่คัดค้านไม่ให้เทศบาลเมืองเดชอุดมนำขยะมาทิ้งในโครงการ,"สำนักงานการตรวจเงินแผ่นดินมีข้อเสนอแนะให้หน่วยงานที่รับผิดชอบ 
เพื่อพิจารณาดำเนินการ ดังนี้
1. แจ้งให้องค์การบริหารส่วนตำบลกลาง พิจารณาดำเนินการ ดังนี้
1.1 ให้องค์การบริหารส่วนตำบลกลาง เรียกประชุมผู้ที่เกี่ยวข้องเพื่อสรุปปัญหา 
และหาแนวทางการใช้ประโยชน์โค","1. 
การดำเนินโครงการก่อสร้างระบบกำจัดขยะมูลฝอยของเทศบาลเมืองเดชอุดมมีความล่าช้ากว่าแผนที่กำหนด 
ซึ่งตามแบบเสนอโครงการกำหนดระยะเวลาแล้วเสร็จปีงบประมาณ 2552 
และผูกพันงบประมาณปีงบประมาณ 2552-2553 
(ตามแผนที่ได้รับการสนับสนุนและแผนปฏิบัติการสิ่งแวดล้อม) 
ปัจ"
FL-1731,ผลที่ได้จากโครงการไม่ตรงกับความต้องการของประชาชน                                                    ,เทศบาลเมืองเดชอุดม,โครงการการบริหารจัดการขยะมูลฝอยของเทศบาลนครอุบลราชธานีและเทศบาลเมืองเดชอุดม,2560,หน่วยงานของรัฐขาดการเตรียมความพร้อมด้านการมีส่วนร่วมก่อนที่จะคัดเลือกพื้นที่เพื่อกำจัดขยะมูลฝอย นำขยะมาทิ้งในโครงการ การที่ประชาชนในพื้นที่ส่วนใหญ่คัดค้านไม่ให้เทศบาลฯ,ประชาชนในพื้นที่ส่วนใหญ่คัดค้านไม่ให้เทศบาลเมืองเดชอุดมนำขยะมาทิ้งในโครงการ การก่อสร้างบางรายการไม่เป็นไปตามแบบรูปรายการและเงื่อนไขสัญญาจ้าง ข้อตรวจพบที่,"1. แจ้งให้องค์การบริหารส่วนตำบลกลาง พิจารณาดำเนินการ ดังนี้
1.1 ให้องค์การบริหารส่วนตำบลกลาง เรียกประชุมผู้ที่เกี่ยวข้องเพื่อสรุปปัญหา 
และหาแนวทางการใช้ประโยชน์โครงการในทางสร้างสรรค์ร่วมกัน 
และเป็นที่ยอมรับของประชาชนในพื้นที่ 
เพื่อนำเสนอแนวทางการใช้ประ","1. 
การดำเนินโครงการก่อสร้างระบบกำจัดขยะมูลฝอยของเทศบาลเมืองเดชอุดมมีความล่าช้ากว่าแผนที่กำหนด 
ซึ่งตามแบบเสนอโครงการกำหนดระยะเวลาแล้วเสร็จปีงบประมาณ 2552 
และผูกพันงบประมาณปีงบประมาณ 2552-2553 
(ตามแผนที่ได้รับการสนับสนุนและแผนปฏิบัติการสิ่งแวดล้อม) 
ปัจ"
FL-1753,แผนงานไม่สอดคล้องกับวัตถุประสงค์และสภาพความเป็นจริง                                                 ,กรมที่ดิน,การบริหารจัดการระบบเทคโนโลยีสารสนเทศและการสื่อสาร,2560,กรมที่ดินมีการพิจารณาจัดสรรครุภัณฑ์คอมพิวเตอร์และอุปกรณ์ต่าง สำรวจตรวจสอบครุภัณฑ์คอมพิวเตอร์และอุปกรณ์ต่าง ในสำนักงานที่ดิน,ครุภัณฑ์คอมพิวเตอร์และอุปกรณ์ในสำนักงานที่ดินยังไม่ได้ใช้ประโยชน์,"1.ในโอกาสต่อไปก่อนการพิจารณาอนุมัติแผนการพัฒนาระบบคอมพิวเตอร์และการจัดสรร
ครุภัณฑ์คอมพิวเตอร์และอุปกรณ์สำหรับใช้ปฏิบัติภารกิจในสำนักงานที่ดิน ให้กรมที่ดิน
สำรวจตรวจสอบครุภัณฑ์คอมพิวเตอร์และอุปกรณ์ในสำนักงานที่ดิน ถึงความมีอยู่จริง 
ความต้องการ ความเหมาะสม","ส่งผลกระทบต่อการใช้จ่ายงบประมาณแผ่นดิน ไม่เป็นไปโดยประหยัดและไม่เกิดความคุ้มค่า 
"
FL-1754,แผนงานไม่สอดคล้องกับวัตถุประสงค์และสภาพความเป็นจริง                                                 ,กรมป้องกันและบรรเทาสาธารณภัย,การตรวจสอบการดำเนินงานการบริหารจัดการเครื่องจักรกล ยานพาหนะเพื่อใช้สนับสนุนการปฏิบัติงานบรรเทาและฟื้นฟูสาธารณภัย,2560,กรมป้องกันและบรรเทาสาธารณภัยไม่ให้ความสำคัญในการจัดหาเครื่องจักรกล ยานพาหนะให้เป็นไปตามมาตรฐานชุดเครื่องจักรกลสาธารณภัยที่กำหนด,ในการปฏิบัติงานไม่เป็นไปตามมาตรฐานชุดเครื่องจักรกลสาธารณภัยกำหนด ยานโฮเวอร์คราฟท์ รถบรรทุกพร้อมเรือยนต์กู้ภัยเคลื่อนที่เร็ว,"1.ทบทวนมาตรฐานชุดเครื่องจักรกลสาธารณภัยให้มีความเหมาะสม สอดคล้องกับ
สาธารณภัยที่เกิดขึ้นในเขตพื้นที่รับผิดชอบของศูนย์ ปภ. เขต 
โดยให้หน่วยงานที่เกี่ยวข้องมีส่วนร่วม
ในการจัดทำมาตรฐานชุดเครื่องจักรกลสาธารณภัย และพิจารณาเหตุผล 
ความจำเป็นในการกำหนดมาตรฐานชุ","ศูนย์ ปภ. เขต 
มีค่าใช้จ่ายสำหรับเครื่องจักรกลที่จอดรองานในขณะที่ยังไม่เกิดภัยเพิ่มขึ้น 
"
FL-1784,ไม่กำหนดหลักเกณฑ์หรือมาตรฐานที่ใช้ประเมินการบรรลุวัตถุประสงค์                                       ,สำนักงานจังหวัดมุกดาหาร,การบริหารจัดการกองทุนพัฒนาบทบาทสตรีจังหวัดมุกดาหาร,2560,,ชำระหนี้เงินต้นและดอกเบี้ยไม่เป็นไปตามที่กำหนดไว้ในสัญญา ลูกหนี้กองทุนไม่ชำระหนี้ตามสัญญา การบริหารจัดการกองทุนไม่เป็นไปตามหลักเกณฑ์/ระเบียบ,"ข้อเสนอแนะ
	สำนักงานการตรวจเงินแผ่นดิน 
มีข้อเสนอแนะให้ประธานอนุกรรมการบริหารกองทุนพัฒนาบทบาทสตรีระดับจังหวัด 
ดำเนินการดังนี้
	1.  ในโอกาสต่อไปการพิจารณาอนุมัติเงินทุนหมุนเวียน 
สั่งการให้คณะอนุกรรมการบริหารกองทุนพัฒนาบทบาทสตรีระดับจังหวัด 
คณะอนุกรรมการ",
FL-1788,ระบบการเก็บรวบรวมข้อมูลของส่วนราชการไม่สมบูรณ์                                                      ,สำนักงานสถิติแห่งชาติ,โครงการสำมะโนการเกษตร พ.ศ. 2556,2560,ในขณะที่ข้อมูลที่ใช้เป็นฐานอ้างอิงเป้าหมายการจัดเก็บเป็นข้อมูล จากการจัดเก็บของโครงการที่ผ่านมาของสำนักงานสถิติแห่งชาติไม่เป็น 1.ขาดการบูรณาการข้อมูลกับหน่วยงานหลักที่เกี่ยวข้องด้านการเกษตร,การจัดเก็บข้อมูลโครงการสำมะโนการเกษตร พ.ศ.2556 ในกลุ่มเป้าหมายของโครงการ,"1.ให้พิจารณาทบทวนการกำหนดเป้าหมายตามโครงการในระยะต่อไปให้มี
จำนวนเป้าหมายที่ครบถ้วนหรือใกล้เคียงข้อเท็จจริงมากที่สุด
โดยอาจมีการประสานงานบูรณาการด้านฐานข้อมูลกับหน่วยงานที่
รับผิดชอบด้านการเกษตรโดยตรง ตลอดจนเพื่อใช้เป็นฐานข้อมูล
เบื้องต้นสำหรับการสอบทานข้","1.ทำให้การใช้จ่ายเงินงบประมาณสำหรับการจัดเก็บข้อมูลตามโครงการ
โดยไม่เกิดความคุ้มค่า ประมาณ 536.30 ล้านบาท เนื่องจากได้ข้อมูล
ไม่ครบถ้วน ไม่ถูกต้อง หรือมีความคลาดเคลื่อนจากข้อเท็จจริง
2.การนำข้อมูลสำหรับใช้ในการวางแผนพัฒนาในระดับประเทศ และระดับ
ท้องถิ่นจะไ"
FL-1830,หน่วยรับตรวจกำหนดมาตฐานผลงานไว้ไม่เหมาะสม                                                           ,กรมที่ดิน,การบริหารจัดการระบบเทคโนโลยีสารสนเทศและการสื่อสาร,2560,1.กรมที่ดินไม่มีการสำรวจพื้นที่และความต้องการของสำนักงานที่ดินก่อนจัดทำแผนการ ประมาณค่าใช้จ่ายในการปรับปรุงอาคารสถานที่ 2.กรมที่ดินขาดการควบคุม,การปรับปรุงอาคารสถานที่เพื่อใช้เป็นห้องติดตั้งระบบเซิร์ฟเวอร์ในสำนักงานที่ดิน ไม่ครบถ้วนตามแผนประมาณการค่าใช้จ่ายและไม่เป็นไปตามวัตถุประสงค์ที่กำหนด,"ให้อธิบดีกรมที่ดินพิจารณาดำเนินการสั่งการให้หน่วยงานที่เกี่ยวข้องพิจารณาทบทวน
การจัดทำแผนการใช้จ่ายเงินสำหรับงานหรือโครงการที่จะดำเนินการในโอกาสต่อไป 
จะต้องมีการสำรวจพื้นที่และความต้องการของสำนักงานที่ดิน 
","ทำให้รัฐสูญเสียงบประมาณโดยไม่ประหยัด ไม่คุ้มค่า และเสียโอกาสนำเงินคงเหลือจ่าย
จากการดำเนินการดังกล่าวไปใช้เพื่อดำเนินงานหรือโครงการอื่นที่มีความสำคัญหรื
อจำเป็นเร่งด่วน
"
